ÈÕÆÚ,rm,SMB,HML,IC_cap,IC_bp,rankIC_cap,rankIC_bp
2009-12-31,,,,,,,
2010-01-08,-0.02672218990513686,0.026327268680187834,0.0005375930861974132,-0.12502161012024268,-0.04289218643562193,-0.023517480476920222,-0.03350762002644115
2010-01-15,0.0007499719838051089,0.04678956796887593,-0.0006612156647828503,-0.13868689060783196,-0.010672409041484757,-0.12605117834642607,0.07971777464194046
2010-01-22,-0.03346215910461303,-0.004774549172494748,0.02429399408863098,0.07840121347235342,0.13296746989693484,0.08621073567484082,-0.06752652807253413
2010-01-29,-0.04813736557542625,0.005474041431535813,0.00238927499297302,-0.016572042570884182,-0.04179246693429062,0.05876154179490883,0.03306836742630473
2010-02-05,-0.015938654748826386,-0.003842120041086849,0.006972413057950029,0.014367911570506162,0.041896221506152395,-0.04939388215424616,-0.09253569484105378
2010-02-12,0.031140880850213604,0.0007579886159286888,-0.008972343642028206,-0.041079554807079845,0.04818539571442519,-0.05697174413049034,-0.0031338125979177545
2010-02-26,0.009347087916143693,0.03196789692098753,-0.004034282816946119,-0.1625965399886132,-0.1228249005157945,-0.04856809520105779,0.045623618040200445
2010-03-05,-0.006676478744054082,-3.7087135387284024e-05,0.0028031303812083453,0.004539593321702534,0.03173310982905937,-0.03898132201468905,0.03476127512527916
2010-03-12,-0.008169313078263518,-0.01801037560711943,0.01004536448270508,0.159412292005914,0.20067634017400568,-0.018883320925788063,-0.01640284892054356
2010-03-19,0.018786748445005275,0.014653665065983132,-0.009435907208598661,-0.11661202478173933,-0.10822569733131093,-0.07558172868587429,-0.07867509638995987
2010-03-26,-0.00572882354191262,0.0008514993535169245,-0.0005265089866145871,0.002928113037256973,-0.10124639517451592,-0.07204746719407992,-0.0021222458027311416
2010-04-02,0.04041221374045789,0.005595765370403675,-0.01685093242474011,-0.0746582740907037,-0.1373170182837966,0.021621129123656928,-0.04254758386204291
2010-04-09,-0.008270356728836137,0.01695705870294021,-0.02220042554422378,-0.09043623660423417,-0.256266376498315,0.052395248836098175,-0.09514816831298126
2010-04-16,-0.006759056217947035,-0.005835523554831704,-0.013158532813921205,0.006599001145229682,-0.1512489483682745,-0.00803697818864654,-0.0005240058222869143
2010-04-23,-0.04955710552895576,0.01282571457232886,-0.05725363983817414,-0.08240569745081285,-0.37656930437212704,0.0818613540150446,-0.011208124534717053
2010-04-30,-0.03844200626959249,-0.03145149828248477,0.04333973235454034,0.18769003639371326,0.3132552697910699,0.0681949799442216,-0.10521894687718752
2010-05-07,-0.07517188992524537,0.011638703142063328,-0.026501949796818608,-0.03157919558454819,-0.21753642582621113,0.0010920121334681496,-0.06256513961266236
2010-05-14,0.011008922056267911,-0.022641688123886932,0.02743833640174727,0.08309045411305288,0.1911500921101836,-0.022649140546006065,-0.0008168979655329503
2010-05-21,-0.03459878243526893,-0.009704788796129314,1.603929363702336e-05,0.0403835048669274,0.00829813591259606,0.022962921810242336,-0.11970399671107455
2010-05-28,0.0294388523506659,0.020373309353892647,-0.0294070646782945,-0.13697351677205172,-0.28799698629251,-0.07741286014289046,-0.015232613695707732
2010-06-04,-0.037157492193804265,-0.002343947601313507,-0.010703627118121934,0.03314637443207092,-0.1406120105728052,-0.055849064989611,-0.036635962621806906
2010-06-11,0.005276218030236146,0.01706156292661513,-0.014781126657629755,-0.15302807225323392,-0.1507282076161416,-0.009228546983855375,0.04031155901732242
2010-06-18,-0.022726696074842123,-0.018153639889583493,0.03778071146635893,0.15317845789000456,0.3687395921370509,0.048692096578850874,0.014983722041356014
2010-06-25,0.01488036733588749,-0.006476123515759554,0.013802046351892317,0.07335744836143163,0.10090762908689088,0.07632795919954664,0.1051305014500161
2010-07-02,-0.07388836709559288,-0.03632846037146868,0.03333172132312524,0.20517562561930822,0.28801182142116677,0.1176461960688452,-0.06555272836364848
2010-07-09,0.044587646155849425,0.017168549503830895,-0.011158736016931504,-0.1451987724591317,-0.1049860919511759,-0.09863576261958466,-0.10996699963332926
2010-07-16,-0.011699595784065542,0.0060373328628485975,-0.0018638341772821698,-0.09277007767593008,8.858462947905634e-05,0.08749741663796264,-0.00496805520061334
2010-07-23,0.0676380760894908,0.014179261687319205,-0.009587203873868272,-0.13555140859749853,-0.11340652046846997,-0.11374704163379593,-0.003704041156012844
2010-07-30,0.02712775860340555,0.01653938747491357,-0.0047814361223770755,-0.12265293342388899,0.012941044276292658,0.060041556017289076,-0.017651307236747075
2010-08-06,0.010042351464872645,0.014982872705154082,-0.04182909767993477,-0.1591343178006309,-0.3463802231612165,-0.013670818564650716,-0.03423415815731286
2010-08-13,-0.014532415811378763,0.012494261484123172,-0.020448919093023994,-0.11359252887973592,-0.14079490008358891,-0.1203008922321359,-0.07911199013322369
2010-08-20,0.014981352103797807,-0.0014902642241798238,0.005104158304976066,0.01839245882459851,-0.01866119067630238,0.026611851242791588,0.029660329559217324
2010-08-27,-0.01371824464432958,0.0012670243650852303,-0.01672940691208838,-0.058694271629620424,-0.169885173224367,0.03734797053300592,-0.044823164701830016
2010-09-03,0.021563229167031128,0.014405681885719786,-0.04395948232955622,-0.10926679768319841,-0.3222383413480465,-0.06058111756797298,-0.05881443127145857
2010-09-10,0.004225723492488509,0.009395652964790181,-0.02569261190692236,-0.08833673539563906,-0.18402515025900376,0.030034111490127666,-0.0180299781108679
2010-09-17,-0.024272390922576048,0.007594216881789284,-0.016385260719569958,-0.029025289976956123,-0.09644646762366785,-0.022453582817586863,-0.047593417704641164
2010-09-21,-0.0013594886365622116,-0.012730965285718444,0.0033381280590235153,0.09596986253604371,0.07707638585504689,-0.06397715530172557,-0.04590406560072889
2010-09-30,0.027328275263518886,0.0017044691547148487,-0.031071686285917537,-0.04204224944424705,-0.2526478902496772,0.06380382004244492,-0.0693945488283203
2010-10-08,0.037014957912773205,-0.009759270423378366,-0.011974811018104017,-0.0007334697872279259,-0.18091136995289514,0.11523105812286803,-0.016918410204557827
2010-10-15,0.09311057311701143,-0.04545256154344748,0.056723571116163406,0.09505327223066282,0.15503482263204837,0.03336837075967511,0.05064900721119123
2010-10-22,0.015319982690643386,0.013704668136292716,-0.04533793798799202,-0.1382154931591287,-0.2828675457764595,-0.12828631429238102,-0.06312470138557094
2010-10-29,0.0003906874322956444,0.027154249147980352,-0.018652231401119563,-0.11642846552258397,-0.1388713920032351,-0.09697885532061468,0.0009160101778908654
2010-11-05,0.041662968419931445,0.006566879479453384,0.006508235195526384,0.007002512840945323,-0.04017859788030461,0.07530350337225969,0.0382515361281792
2010-11-12,-0.06503351511020228,-0.01797177576821456,-0.0027034525100345097,0.10601573527572654,-0.0957519166032809,0.045869398548872765,0.05181035344837164
2010-11-19,-0.03432133494135481,0.012804923501759671,0.01817927184115688,-0.048925551628619376,0.06886754490648413,0.03498172201913355,-0.08230402560028445
2010-11-26,0.005033266747408671,0.016694818012720256,-0.03993174331763661,-0.18086758965819782,-0.30882861122819755,-0.039341326014733495,0.055861509572328584
2010-12-03,-0.011484107235081531,-0.009081167508816695,0.025517339957477563,0.05963543977315529,0.10390177520278904,-0.04541517127968088,0.0063369592995477725
2010-12-10,0.0012095650632013566,-0.012077238339260941,-0.0015037006375804175,0.031957532657532754,0.012104549690526926,0.005107612306803408,-0.021010900121112456
2010-12-17,0.020139279818341516,0.01441998997760105,-0.018717547279078837,-0.14081167686953497,-0.2406511137992784,-0.057251747241636015,-0.0897281080900899
2010-12-24,-0.019437882479864554,-0.0022516811274028528,0.0353430008725167,0.04955929886818177,0.2683476915221999,-0.07328259202880032,0.0854360604006711
2010-12-31,-0.010970736272352455,-0.01761280994431104,-0.02924005485963158,0.034375178655598644,-0.3549289386705992,-0.08632318136868186,0.056295736619295766
2011-01-07,0.012262407856124424,0.014263679694537878,0.032216036950553695,-0.05494603961517421,0.31117468396897696,-0.12344359381770907,-0.08564806275625284
2011-01-14,-0.023608768971332128,-0.009068489528627328,0.049540702376966325,0.16672037056767455,0.4292959381479137,0.1234707052300581,0.05953443927154746
2011-01-21,-0.035059802190267386,-0.009054730355280751,0.02494889109740447,0.06980770887430109,0.19009514236955694,0.059581550906121175,0.0034795942177135303
2011-01-28,0.017858459640819557,0.0020054031451785612,0.0011227257174566563,-0.04480823249184761,0.03647744393379158,-0.044179157546194954,0.010470783008700097
2011-02-01,0.01334984226506064,0.0003734484864781745,-0.013997670170317611,0.009091911508663198,-0.23574934940642023,-0.07019322436915966,-0.0031107012300136665
2011-02-11,0.014194353454999087,0.016763277147416728,-0.005932056163558339,-0.1552944118322397,-0.08098415368012055,-0.06507361192902143,-0.03593328814764608
2011-02-18,0.029132061929662667,0.004210227985258661,-0.014754012394425371,-0.06717582880634013,-0.09409341596787134,0.019633107034522604,0.11953555039500438
2011-02-25,-0.004439767363662472,0.014033337628610401,-0.022966456639096758,-0.10228505436962729,-0.1877664410003738,0.010958343981599795,0.026339848220535783
2011-03-04,0.022845116055066006,-0.0009946216902809782,0.027129030727008032,0.06109301806751637,0.2726949496462278,0.08765030722563583,0.02326025844731608
2011-03-11,-0.007120865143839028,-0.0003567821277343606,-0.003139922106871166,-0.029593356060636247,-0.1147247854895499,-0.012920143557150635,-0.10143668262980698
2011-03-18,-0.009758636192869319,0.0005314220126009945,-0.0027199241920799824,-0.023987687016248836,0.047178300345850216,-0.08488716541294904,0.004338270425226947
2011-03-25,0.024501739906520825,0.0008168759530365518,0.01794333381600153,0.030825925881076202,0.07824496866272652,-0.10243891598795543,-0.016145512727919198
2011-04-01,-0.006601952356669383,-0.013074199701453027,0.030272642811907592,0.12413101868700896,0.2651859478492635,0.0696758852876143,-0.011599239991555462
2011-04-08,0.024636923913674558,-0.0028932048016599827,0.0054144010338519465,0.007281862755775419,0.0618062019189572,-0.11913999044433828,-0.06524294714385714
2011-04-15,0.0016640026719469958,0.0071413838783417755,0.028518775590423324,0.037762082638597476,0.3250562773550164,0.0635762619584662,0.09218813542372693
2011-04-22,-0.017565065169368954,0.009263500888992235,-0.007350551912621693,-0.04932014427145701,-0.0192726281657136,-0.10144468271869687,0.10405360059556217
2011-04-29,-0.032491499845451854,-0.019405681902768483,0.026024669604115553,0.1894760915748807,0.22047252135325007,0.05951443904932276,-0.013583706485627617
2011-05-06,-0.02233831967726574,0.023343655266997335,0.005710232166424262,-0.07655933952596582,0.07735967973324724,0.04294269936332626,-0.0302292247691641
2011-05-13,0.0021432690459408654,0.005428891668136992,-0.007130597013420954,-0.04135566586211213,-0.06975943491020102,0.1365326281403127,0.015625951399459992
2011-05-20,-0.002074748488694489,-0.007835682982489421,-0.004884461729409852,0.04994416499978414,-0.06755644321987292,-0.00040178224202491134,0.043946266069623
2011-05-27,-0.05070797027165552,-0.024059887089755188,0.010127411935135923,0.1739336906867017,0.07678124743103082,-0.01410726785853176,-0.019703330037000408
2011-06-03,0.00777508934266069,-0.004930245243870163,-0.020781864068470983,-0.051736157439942775,-0.2517750989138306,-0.07059189546550518,-0.04555117279080878
2011-06-10,-0.008177206288613181,0.0015315546698521298,0.0068374960575003285,0.012050993384159643,0.020290477127411735,-0.03783108701207791,0.02196913299036656
2011-06-17,-0.02355558706654104,-0.020808460128609926,0.01788338740173482,0.14769050964663166,0.161561694875635,-0.0647607195635507,-0.017390415449060545
2011-06-24,0.046785101792431893,-0.0018551364623375411,-0.008479097863419771,-0.03009080766268862,-0.13669264353048957,-0.10117223524705829,-0.04048311647907199
2011-07-01,0.007359280191050699,0.009116225732385047,-0.025375263775229154,-0.1466937879038887,-0.26256529178623705,-0.03106123401371126,0.03281147568306315
2011-07-08,0.019486843183867508,0.017775200382174994,-0.026956001999076176,-0.15466914634142062,-0.28478486365431366,-0.09661262902921143,-0.014315270169668552
2011-07-15,0.006339292031982691,0.010569819218046428,-0.02544340523232965,-0.10308666548053426,-0.27993213516612037,-0.014693496594406602,0.013564595162168468
2011-07-22,-0.019463771497240212,-0.0005057396539582549,-0.00834915011909554,0.02083924902892677,-0.12361498160433859,0.035587062078467534,0.06983544261602906
2011-07-29,-0.031261509978846025,-0.010519915443076892,0.0037943819941967764,0.10602386892440326,-0.04205885147897337,0.1655493949932777,-0.030907454527272525
2011-08-05,-0.025120454361928335,0.006181737895356778,-0.02595332738333484,-0.0758020098943221,-0.2581684807724811,0.10994877720863566,-0.01784819831331459
2011-08-12,-0.007610218746333053,-0.001707658236702098,-0.02513973028788782,0.016471657604184134,-0.1800680189013137,0.07310436782630918,0.0652407248969433
2011-08-19,-0.023548273787373453,-0.0011954133385920235,0.004892937340050137,0.07380297729264709,0.054116093911708206,-0.00012622362470694117,0.0717745752730586
2011-08-26,0.03332312317018449,0.012328009155275453,0.01967233338034624,-0.07215458561730533,0.23510298049456896,-0.04264491827686974,0.005437393748819431
2011-09-02,-0.03356174299087966,-0.00967862045547432,0.003526900490018619,0.14327786074293736,0.008765075714503188,0.049612551250569445,0.083808486760964
2011-09-09,-0.01881341726554564,-0.002385725399240799,0.015120580253874416,0.11260796463263929,0.19532830312277133,0.0253767264080712,0.017856198402204468
2011-09-16,-0.006219330449638405,0.0014345611605613214,0.006831530103163941,0.012453707798639402,0.08687749623450122,0.06611851242791586,0.02609006766741852
2011-09-23,-0.023595550824984657,0.003225962311109972,0.007770961214648649,0.00453843036787185,0.06062886710476132,0.0673878598651096,0.03944088267647418
2011-09-30,-0.03301392031406869,-0.02046317040391649,0.02359927149810133,0.16099927598137956,0.207022797045206,-0.08017155746174959,-0.03964621829131435
2011-10-14,0.028058961396168813,0.010140692582097032,0.025536623325023128,0.002577598256173395,0.23847282603384065,0.058337092634362604,-0.02470471894132157
2011-10-21,-0.054978182064828296,-0.019980584687020797,0.037167908943039944,0.20194659943878382,0.2632328006073717,0.03754619495772175,-0.022270469671885243
2011-10-28,0.08020319951512822,0.013402610612504895,-0.012108352782665338,-0.13598806448131787,-0.07303164304734519,0.04151335014833498,0.0077031967021855795
2011-11-04,0.02020287779344554,0.01700724244929303,-0.011768226109462585,-0.10734904985007272,-0.18538151149572382,0.061720685785397605,-0.06817675751952801
2011-11-11,-0.02487562189054726,0.003916495518442723,-0.008885677745332677,0.04359843481812971,-0.1674408143387907,-0.07674663051811687,0.09492061022900254
2011-11-18,-0.032838589981447175,-0.0020802410849095746,-0.004012508411687743,0.010403033491637823,-0.11212800323594252,-0.07234835942621584,0.0011297903310036777
2011-11-25,-0.014014962593516311,-0.00932748639492816,-0.0092612248449091,0.031623008422379834,-0.09829304517067607,-0.039600884454271706,-0.07727196968855209
2011-12-02,-0.0049261275423447826,-0.019497987208404587,0.004080253235003955,0.11302510869783056,0.01720582964104923,-0.008245424949166101,-0.03895554395048833
2011-12-09,-0.021057282847992576,-0.008768767701903662,0.024897003974330215,0.11794711236693152,0.30438467538019637,-0.04638718207980089,0.053091701018900206
2011-12-16,-0.04526934722344278,-0.025022744929221356,0.02604042907236549,0.17027426646004154,0.16788930466565563,0.10663718485760951,-0.03789064322936921
2011-12-23,-0.012957454197052187,-0.021650251231159014,0.008398271489216898,0.12154685189150317,0.08352842504254458,-0.09898998877765307,0.04237024855831731
2011-12-30,-0.005688465385984887,6.812672394973533e-06,0.022446937178938826,0.06554846478672492,0.13749542971198225,0.017517083523150255,0.10723852487249859
2012-01-06,-0.023506441464100858,-0.0336314465267042,0.04717028469811125,0.2254463027095974,0.3857036740323445,0.018796208846764965,0.020257113967932977
2012-01-13,0.04528507814546412,0.013080101797769916,-0.019875895108022127,-0.08822123261975999,-0.10502559885454996,-0.0031338125979177545,0.0137352637251525
2012-01-20,0.04584163419411702,0.008253148294546389,0.02887058087523809,-0.048590590782976145,0.273943793787284,-0.09400237780419782,-0.012900587784308715
2012-02-03,0.000798693337699552,0.008523434653296086,-0.013344635521190569,-0.027450808789088947,-0.22325974702572607,-0.04046711630129223,0.025672729696996632
2012-02-10,0.010985239955468407,0.014554759035585398,-0.022878888410086458,-0.16926942227331715,-0.243064052345516,-0.12440360448449427,0.031095901065567394
2012-02-17,0.001369581863104985,0.019884771565099935,-0.005693631906061487,-0.14197250820446575,-0.08956157356821591,0.028424760275114164,0.048703652262802925
2012-02-24,0.0437233208124268,0.022304664302949778,-0.006100655026506627,-0.15997113814732086,-0.021161018646911205,-0.04023111367904088,-0.007438304870054112
2012-03-02,0.012050513213646363,0.0034688246531438447,0.010408346553462202,-0.04163841114860061,0.15294351598081304,-0.0910405671174124,0.07189546550517227
2012-03-09,-0.00583224188691478,0.014880011938367571,-0.017801114097506822,-0.13585540751808786,-0.21585420478695336,0.01624906943410482,0.0279305325614729
2012-03-16,-0.01530608414968293,-0.009390049469959307,-0.025410307021672466,0.04352035966950616,-0.20945012706973556,0.06192246580517561,0.0675025278058645
2012-03-23,-0.02690278709520033,-0.007357990311794411,0.013079596246600295,0.05956835082457455,0.15403637254423425,0.09396771075234167,0.03188835431504795
2012-03-30,-0.03840278267409336,-0.023886088411590112,0.042788676013104494,0.18499342183442846,0.25324641743212434,-0.095891732130357,-0.05467527416971299
2012-04-06,0.026449142531263847,0.011497391684204245,-0.023301838677912988,-0.19762037901781251,-0.24336014444021206,0.025698952210580116,-0.07058433982599806
2012-04-13,0.024057178460451745,0.0028257995345072097,-0.0009544777954619953,-0.07044614836144263,-0.067748978017245,0.03682218691318792,-0.02984344270491894
2012-04-20,0.017977484547269107,0.0027174850975998145,0.013752852162659535,-0.030874949984162712,0.16153492359987875,0.043311147901643345,0.024978055311725682
2012-04-27,-0.0002588661661921954,-0.009488975165819468,0.0049411091811948325,0.02835620855097476,0.10066678190232996,0.014741941577128633,0.02543494927721419
2012-05-04,0.034163950406677523,0.003842651488527228,-0.028510541769453716,-0.11353860487591205,-0.3161312828924719,0.01865531839242658,-0.0541601573350815
2012-05-11,-0.02907344948966817,0.012090319122423651,-0.0034557245058746723,-0.03617195392094015,-0.13272263661442918,-0.03648040533783709,0.09739308214535716
2012-05-18,-0.02386875597287752,-0.0003668092909279499,0.009514236973591071,0.011115475923609187,0.09499834175786305,0.06059045100501116,-0.053878820875787506
2012-05-25,-0.0003418829983139471,0.0005197952248872752,0.00482175485926867,-0.01304147751492137,0.10492141814823212,0.024678496427738082,-0.02888609873443038
2012-06-01,0.02327931289106533,0.0068275575396294155,-0.01452170855956,-0.1164947414951232,-0.2284999098797055,-0.1260445116056845,-0.032272358581762015
2012-06-08,-0.04127231295100653,-0.012847719140032285,0.0008130954557611959,0.12165202984843311,-0.02104333938810829,0.007111190124334715,-0.007119634662607363
2012-06-15,0.017319447140429434,0.0007824225492025673,-0.006224135533529091,-0.017786134787781314,-0.10836915869156566,0.01596195513283481,0.07523061367348526
2012-06-21,-0.021751912930044193,-0.001387495591230608,0.00436840884674986,0.08924371383782448,0.14756918486739898,0.09447838309314546,-0.0005302281136457071
2012-06-29,-0.020133827457318065,-0.022731760551891304,0.0027597289949722673,0.14424197028906244,-0.0013003609643539274,0.02976877520861343,0.10330470338559317
2012-07-06,0.004468620130727352,-0.014232223293270702,-0.02982458455172365,0.009539825914991907,-0.16738650001620156,-0.05999622218024644,0.04887432082578695
2012-07-13,-0.008889392180732147,-0.008250702798226242,-0.011396743621217977,-0.023327412145411584,-0.09455637952645903,-0.08447649418326869,0.0075347503861154
2012-07-20,-0.021288403390148702,-0.00040898412185965305,0.02974806801467599,0.06403633382705982,0.22386024104846064,0.09236902632251469,0.077875531950355
2012-07-27,-0.020575702742593127,-0.000939403686671985,0.0038147498378019616,0.053133829581480475,0.1458478487341424,0.08995344392715475,-0.06326381404237824
2012-08-03,0.0019709592143406507,-0.009261841856848614,0.007965852894542515,0.08047500919805711,0.05225505725517538,-0.05476416404626718,-0.010725008055645061
2012-08-10,0.019547613585187973,0.021208495816845876,-0.024519667420295425,-0.14350817184672282,-0.26354275978760916,-0.04988633207035633,-0.08161112901254458
2012-08-17,-0.03594957808105015,-0.0013354441273972523,0.022917395843842402,0.09500779954401103,0.17939234781212376,-0.046297847753863926,0.021886465405171168
2012-08-24,-0.016339021733492443,-0.007294722314687654,-0.015182498574800288,0.026554087729954556,-0.18579912104150897,0.04527516972410805,0.07035900398893322
2012-08-31,-0.03111597412641498,-0.014675619118055294,0.033871232027213524,0.15505594316555255,0.2797357381210345,0.05365081834242602,-0.04836498183313147
2012-09-07,0.05093724346560102,0.014562205616879554,-0.034621011498491464,-0.17155340845958883,-0.31064467514822963,-0.07974266380737563,0.05233480372004133
2012-09-14,-0.0007077568423686786,0.008742864605177482,0.00038754251816607987,-0.06570285190592079,0.014125512258092924,-0.019615329059211765,-0.02950032778141979
2012-09-21,-0.05030360088791386,-0.022860358175653243,-0.003459882848636145,0.15794787303952187,-0.040568166061610345,0.022993588817653527,0.04599828886987633
2012-09-28,0.04276827371695191,-0.0034364129868399234,-0.0019615606600342055,-0.017725367606463257,-0.052855191327365394,-0.15063056256180624,0.0398471094123268
2012-10-12,0.0049801361469794525,0.004459432854191218,0.014089157267615325,-0.014044527652566622,0.2040877510431614,-0.048995211057900646,-0.01886820964677385
2012-10-19,0.012123947182288708,-0.002111257843879002,0.0034909069298678236,0.019437267126281493,0.02376033091805522,-0.023120256891743237,-0.1517670196335515
2012-10-26,-0.036253413763092324,-0.012911328763822756,0.02493960027963798,0.11083591200262467,0.3146633688708625,0.017250413893487707,-0.07424660274003043
2012-11-02,0.02618432232607182,-0.004122377426103376,0.0020806460458958446,0.012854044454579876,0.036369315831546095,0.00029066989633218146,-0.007011189013211258
2012-11-09,-0.028546409048149535,-0.010040941926350145,0.012818091378342531,0.1347902489279808,0.13789753491657178,0.021266014066822964,-0.004588939877109745
2012-11-16,-0.028416900201702955,-0.00845780486602603,0.01126860597689568,0.09646764609490259,0.13681236343102246,-0.04578717541306014,-0.06918565761841797
2012-11-23,0.007091547096323758,0.004025886315544129,0.01361774360868492,-0.02308527205637424,0.22779501112875983,-0.0579121990244336,0.04419337992644363
2012-11-30,-0.024180454968349196,-0.03819769176649166,0.037109711130342046,0.20313342098002238,0.3377683135789016,-0.038395093278814206,0.017501083345370504
2012-12-07,0.05005468158492499,0.011738952640179373,0.02252615770082047,-0.07968170566021983,0.23904765849960638,-0.020647784975388616,0.023966932965921842
2012-12-14,0.04855881358044467,0.003505228057929489,0.0014864417119150666,-0.012737288841529103,0.009917727511128651,-0.07067678529761441,0.072712807920088
2012-12-21,0.00685100133284644,0.011409881701769514,-0.014360456164261789,-0.0880342557330394,-0.11414262658225813,0.05896421071345237,-0.040527116967966306
2012-12-28,0.04555227655986527,0.009059997585563612,-0.008973595257909132,-0.08192565090195249,-0.13404182696337028,-0.03568617429082545,-0.0959055100612229
2013-01-04,0.017886736154512972,-0.010967520874824102,0.01578290681321166,0.13077055738560522,0.2936781629914512,-0.06257580639784886,-0.11292436582628695
2013-01-11,-0.01631272257676042,0.010280197586039763,-0.015250760964737807,-0.0876650609417514,-0.20892770308278974,0.06330737008188979,-0.03577284192046578
2013-01-18,0.04518711516855056,0.023008577408892394,-0.009233544903890462,-0.19202353154421986,-0.1534495332322738,-0.005653840598228869,-0.13726330292558805
2013-01-25,-0.009158370064420662,-0.01022366151725039,0.02536560661706703,0.10568475704259862,0.18612448922553798,-0.006285403171146346,0.003661374015266836
2013-02-01,0.06674651102202067,-0.004379561744396031,0.029912279197336505,0.05150095606840748,0.10344008850740355,0.020637118190202114,-0.017917087967644085
2013-02-08,0.010356064914045726,0.02232632252163258,-0.020374577209141483,-0.22147145241586358,-0.12129685258580399,0.05034900387782087,0.022849142768252978
2013-02-22,-0.06318436499947688,0.014804289475545906,-0.020862131954591107,-0.0566532828255284,-0.17027601586238178,0.04753919487994311,0.037362192913254585
2013-03-01,0.027820996687976773,-0.0005041213409042086,0.006877589950680821,-0.00853101594795855,-0.0005169667740424186,0.043420482449804995,-0.049200991122123575
2013-03-08,-0.02319734416450603,0.0007892018728824687,-0.006068251923194576,0.012481116970330768,-0.0268308773084714,-0.06662429582550917,0.0032244802720030217
2013-03-15,-0.025723744020744732,-0.013761118970043278,-0.005661229365721791,0.0861493879718798,-0.12839002281794723,-0.024044711607906756,0.0763106256736186
2013-03-22,0.030883470413840097,-0.0002918015688895351,0.001051810354338106,-0.04177239096939378,0.021694710455856997,0.08349203880043111,0.06439582662029578
2013-03-29,-0.04706470967914422,0.0004227072308768583,-0.010344896571304028,-0.011869086982287575,-0.07016703857311223,0.023831820353559484,-0.01103345592728808
2013-04-03,-0.004621094313609131,0.001209950221613322,0.02281479596903016,0.04087077293664528,0.24200235317762353,-0.0561392904365604,-0.01934554828386982
2013-04-12,-0.00863280384932863,-0.003800464183857178,-0.008107018970387243,-0.01200069241864339,-0.10174708329527656,-0.06032289247658307,0.104028711430127
2013-04-19,0.029129486497353918,-0.010620064313596604,-0.011707713173897884,-0.021365215955241736,-0.09425092054803942,-0.029448771653018364,-0.05727530305892287
2013-04-26,-0.03414593717810588,-0.0069371604100146615,-0.0022168187494317204,0.04977660640247814,0.004482566868730747,0.02851853909487883,0.07470971899687774
2013-05-03,0.018632702845164717,-0.004644482056317379,-0.008179922392308558,0.0013908980467009463,-0.09652726342140608,-0.006315181279791998,0.03497861087345415
2013-05-10,0.019226526428952617,0.014552771612860177,-0.03093209165673376,-0.0942524159442977,-0.17924309329382712,-0.027001188902098912,-0.0016217957977310857
2013-05-17,0.020154751971788842,0.025156809534131557,-0.008824897838855778,-0.1123735458644225,-0.09392089327334228,-0.06898298869987443,0.014292603251147234
2013-05-24,0.0019984182403887107,0.018001358689277065,-0.02289938129326978,-0.10314990035729098,-0.20454222115362145,-0.009754330603673374,-0.12452938365981843
2013-05-31,0.003542235381541081,0.004378245038833098,0.007368519364240246,-0.02690332183200055,0.023908470709319674,0.0051862798475538615,0.042747141634907046
2013-06-07,-0.04691090879095161,-0.01141989280555658,0.010665069090165735,0.14609186397292254,0.05360450108146725,0.08097112190135444,-0.006370293003255591
2013-06-14,-0.027127882262012015,-0.006975242948651658,-0.019234482071998377,0.032557945052623403,-0.2708856057510829,0.1478251980577562,-0.04718407982310914
2013-06-21,-0.04112100034343369,-0.009119084579080873,-0.024681410790655924,0.010331064043441664,-0.18555609669470666,0.06557806197846643,-0.00835164835164835
2013-06-28,-0.05037995330954226,-0.05504310533444842,0.0019590707803492317,0.2207953083089687,-0.12976560046926194,0.008832542583806486,-0.003806264514050156
2013-07-05,0.011910171586447582,0.023904794489325237,-0.04419015418158444,-0.08765276677170304,-0.22918945721072048,-0.10331225902510029,-0.03405282280914232
2013-07-12,0.021788625188045918,-0.0007780665312805921,0.006808918407538638,0.022940590322477188,0.05609643067476908,0.12375070834120377,-0.06581895354392826
2013-07-19,-0.037308218004104776,0.005197569979917788,-0.010059321090372542,0.012066426061030224,-0.0841161830799526,0.016773964155157278,0.11421371348570539
2013-07-26,0.015307147291917955,0.012639412092616325,-0.020533186934118715,-0.10758019845107204,-0.07031309775751442,-0.105483838709319,0.03749063878487538
2013-08-02,0.010454089684848622,0.011066915357292558,0.0017486242588798575,-0.04132641067032524,0.06276642075518334,0.03670218557983977,-0.06988433204813387
2013-08-09,0.017243220633126555,0.01810480843161687,-0.014470880608864704,-0.12723529031864927,-0.11424632773979192,-0.024347381637573745,-0.07953199479994222
2013-08-16,0.00793084894641738,-0.006315009677255078,0.04631559634720579,0.07833363368757593,0.3693443050392818,0.04626984744274936,-0.10830875898621095
2013-08-23,-0.007469164200092027,0.0004342949040123609,-0.022144679740559732,-0.04670676475229931,-0.1989356710336815,-0.04020978010866787,0.03685596506627851
2013-08-30,0.011797475217868447,0.01849293034223826,0.03639380428392249,-0.05916733097011268,0.2819467311345715,-0.08434271491905465,0.0016120179113101255
2013-09-06,0.0189592507919496,0.004346752504381363,-0.004629909827159098,-0.016235108624268038,-0.02685313674116578,0.0008013422371359681,-0.08029689218769097
2013-09-13,0.05561163467329422,0.002941662233685719,0.0580120544067199,0.040527533279439,0.41533684761217055,0.11254125045833842,-0.030315003500038885
2013-09-18,-0.022656595283056746,0.0033350752272615428,-0.017648777184837726,-0.01697461092987854,-0.20219630373781108,0.017551306125623615,0.01000011111234569
2013-09-27,-0.015432618982039292,0.0011617880045933573,-0.03233446231467977,-0.05046063622954483,-0.24898056384350184,-0.0219073545261614,0.0005435615951288347
2013-09-30,0.005874812628133164,0.001642673706637447,-0.009737648794748529,-0.03979984752918226,-0.07868590949068979,0.07550261669574106,-0.0018271314125712507
2013-10-11,0.02468618204762074,0.014679974155602508,-0.004877239017684084,-0.07983497800945687,0.011923774614421423,0.012088134312603471,-0.02321936910410116
2013-10-18,-0.017200659507152105,0.006847890762499943,-0.004119441133122063,-0.02246048107722908,0.02326117593302596,-0.00567872976366404,-0.026264736274847496
2013-10-25,-0.02369695595721455,-0.00342028583124768,0.026641925931459504,0.04373395066120124,0.23217835971029382,0.007807642307136746,0.05316281292014355
2013-11-01,0.006924038234201513,-0.015866380579648228,0.028167297313229173,0.17157499015146782,0.2511683788761063,0.0746137179301992,0.030707007855642836
2013-11-08,-0.03228984972494309,0.00011968385769142026,0.015968638193628842,0.05386274022637091,0.14098808410264413,0.02019222435804842,0.01459127323636929
2013-11-15,0.018535930154466085,0.007431956817304182,-0.029521989524732166,-0.08885974819848898,-0.224132177104825,-0.0187895421060234,0.04396404404493383
2013-11-22,0.02009163111033585,0.005835260929465988,0.015334831226154744,0.04372059725677635,0.14093468373023774,-0.0424498049978333,0.17840376004177821
2013-11-29,0.017089526097182617,0.008541271931287491,-0.02839318788983218,-0.1548283360620286,-0.20469830866863223,0.008963210702341138,0.007480527561417348
2013-12-06,0.005473689389652758,0.005503805247333199,0.028328329050606907,0.02851314021485766,0.2568308627778379,-0.06946077178635318,0.01672107467860754
2013-12-13,-0.018615253497751172,0.001015499730750034,-0.01710612584518453,-0.07552034038988271,-0.2185066139490109,0.015668618540206,-0.05408415649062767
2013-12-20,-0.05339394342319581,0.0057019827728873275,0.002176669576244329,0.01891656868770631,-0.0415230256005135,-0.028183424260269558,0.0005066722963588485
2013-12-27,0.011123109203121873,-0.00519907639114395,-0.02469040017297442,0.02071945101834047,-0.14962321005008952,-0.006222735808175645,-0.07765597395526617
2014-01-03,-0.00551339712087795,0.004226182261452835,-0.028872645825290373,-0.05542758580961901,-0.29585886688975394,-0.036480849787219854,-0.04063556261736242
2014-01-10,-0.037511240712770455,-0.02108525134440938,-0.004260660729606416,0.17680881917280816,-0.06826624744592436,0.02724208046756075,0.009329881443127144
2014-01-17,-0.011955461822799829,-0.0029616791920723507,-0.010045344809308167,0.020000647112413002,-0.09601304135893472,-0.004222269136323737,0.01108234535939288
2014-01-24,0.03084246427571391,0.027981437206140755,-0.012656723635111597,-0.1891422700301855,-0.027675170901064344,-0.008796542183802042,0.05109256769519661
2014-01-30,-0.019250293897616788,-0.00403088956572224,0.009715487937152809,0.03893013070454694,0.04404124518429053,-0.0694296603295592,0.028818986877631972
2014-02-07,0.004554019387500441,0.00665507939335102,-0.009662079648461198,-0.12523409467068583,-0.16246313420370795,-0.04320714674607495,0.054783275369726325
2014-02-14,0.037555141741394404,0.01791685641203952,-0.006573035367062481,-0.07718371101137053,-0.0009122864220360567,0.0012822364692941031,-0.036795519950221664
2014-02-21,-0.013626245333403064,-0.0011592601170153482,0.010725844745533699,0.06202793870888776,0.09002988740504748,0.03433460371781909,-0.14471449682774254
2014-02-28,-0.03768068577788186,-0.012385351752816617,0.00729792918948623,0.10143482490748772,0.020511960536919244,-0.01012500138890432,0.04773297481083122
2014-03-07,-0.004869273096921756,-3.8514886286382444e-05,0.0024550933048497633,-0.019761794037866938,0.0006860320376155856,0.030771008566761848,0.001682240913787931
2014-03-14,-0.02099282406980385,-0.0014243032052763682,-0.0017268240261476475,0.005410383393654293,0.027200501331294275,-0.061033567039633765,-0.03391637684863165
2014-03-21,0.01693957151740122,0.01695803452729309,0.04950228908411338,-0.006644725300534319,0.41514736828309634,0.1143297147746086,0.0026311403460038446
2014-03-28,-0.003163794700759892,-0.0023871119804452093,0.03850737850405042,0.07984148012503557,0.3557484571548708,-0.0017480194224380268,0.02343892709918999
2014-04-04,0.015567131512056465,-0.00041032065345647794,-0.01761233133945149,-0.05895269153093577,-0.13206216448364763,-0.09578773097478861,-0.014535272614140156
2014-04-11,0.03898474927589968,-0.014692451717499418,-0.001881667984273156,0.0713372491496219,0.010483829000395748,0.09859887332081467,0.02557628418093534
2014-04-18,-0.020342013590702313,0.015764108874867896,-0.023149395055319193,-0.09994414594989552,-0.30846295136125707,-0.056589962110690124,-0.015913065700730006
2014-04-25,-0.025466625908077467,-0.014578490936384544,0.02523108274280115,0.13621214534313092,0.22378195159082748,-0.012426804742274913,-0.09560817342414915
2014-04-30,-0.004230036488101052,-0.005266128308755343,0.0006140139204020567,0.04134350843534919,0.011323357282556182,-0.002564028489205435,0.035559950666118514
2014-05-09,-0.011465446156411874,0.010208686672752508,0.02063136507495424,-0.03170616047475247,0.19786464835174788,0.012843698263314038,-0.04107912310136779
2014-05-16,0.005642224836098997,0.0036950231027791177,0.023864486535280297,0.016466555814611334,0.23252042897740033,-0.016585517616862406,-0.10459627329192546
2014-05-23,0.0011463454414128993,0.0042155914468638535,-0.0030165038279746158,0.011124725092879439,-0.03714483293229026,0.011225013611262347,-0.10165801842242692
2014-05-30,0.0037469570519594875,-0.0012497917195391421,-0.016806402360631065,0.01062806471755154,-0.25073690825636724,-0.09438327092523248,-0.07415682396471072
2014-06-06,-0.010081337006019209,-0.008637036876927934,0.0025787611243136186,0.1431348840453126,-0.02158725571227384,-0.04561872909698996,0.043194702163357364
2014-06-13,0.01944985759256479,-0.005979011652828293,-0.00035519689020797624,0.07976987671733249,-0.04928165494928474,-0.08536450405004499,-0.05478949766108512
2014-06-20,-0.01815516670955397,-0.0032343574594441253,0.0007483306140550761,0.0636070844687483,-0.02868353380052533,0.08271114123490261,0.007540528228091423
2014-06-27,0.006332105600614035,0.013407596132684932,-0.016119986961930958,-0.16496853236249426,-0.1772953952943702,0.05472283025366948,0.03975066389626551
2014-07-04,0.013226307516300162,0.011275947451349508,-0.002422377404515846,-0.08295980701282502,-0.04330894056315965,0.12278091978799766,0.01653840598228869
2014-07-11,-0.014086381787304147,0.00870722418440357,0.025983881942235616,0.011912062269684118,0.28802620777085597,0.029361215124612493,-0.12508361204013377
2014-07-18,0.007509276027578782,-0.000837543310516523,0.020376456835900888,-0.01218534098093774,0.30633783699618367,0.045172946366070735,-0.03992799919999111
2014-07-25,0.04450266618610632,-0.002561593339587963,0.022171406370409666,0.005552794250576226,0.24765557023645887,-0.05386859853998378,0.04580584228713652
2014-08-01,0.03050277599593021,-0.0036956880781594107,-0.005458868064814888,0.005593468808080561,-0.04334094828398191,-0.12564361826242512,0.012858809542328249
2014-08-08,0.00074268051858839,0.0190168432951802,-0.004064855273789426,-0.1293549881334602,-0.007116521205965774,-0.05039522661362904,0.0038804875609728994
2014-08-15,0.012659096661275848,0.012039349778654703,0.0033334108675707927,-0.07038098343302372,-0.02676852755205895,0.020613117923532483,0.030680340892676582
2014-08-22,0.0019994577741631048,0.02197261451901607,-0.024186697397216662,-0.10573640380656397,-0.18869446225234562,0.055334837053745034,-0.030691007677863088
2014-08-29,-0.011444346737917388,-0.01084208175366496,-0.006882155159070756,0.07335908027035896,-0.07428764253543937,0.003925376948632762,-0.051035233724819155
2014-09-05,0.0474577575920867,0.005273757499765506,0.0052953483650858,-0.04553651659643311,0.04040123697350857,-0.10589139879331991,0.049099656662851814
2014-09-12,-0.004450323771261533,0.020616716765349534,0.005673164143907621,-0.13164904890553558,-0.0042702219448161665,0.0008640096001066678,0.0008400093334370381
2014-09-19,-0.005392969044767826,0.008770146271733016,0.02498949649990248,-0.02954529054592124,0.29921839623396673,0.007748086089845441,-0.03310259002877809
2014-09-26,0.004943901765207981,0.011414971695573761,-0.004478970961897234,-0.10762257030420562,-0.06171104405049934,0.009883220924676939,-0.03137190413226813
2014-09-30,0.005658132282947648,0.006504665308640055,0.0029281229092947446,-0.09278458816571068,0.07085629946859248,0.01867354081712019,-0.02126068067422971
2014-10-10,0.006446374730211035,0.006397128038397994,0.002052146589961257,-0.062018337213137695,0.08444620659490522,-0.06928165868509649,-0.0781475349726108
2014-10-17,-0.01015895151188384,-0.00900968664583899,0.00017222374316004218,0.03510670056100172,0.030142605529284196,0.0022333581484238712,-0.13502150023889153
2014-10-24,-0.020895021153034876,-0.007977204912809002,0.0003506690069431072,0.11093226861764334,-0.028721986706184515,-0.05548461649573884,0.060793119923554705
2014-10-31,0.049194590728277365,0.011457837427472908,0.04895884447879701,-0.03676310041338257,0.4729877323213383,0.06716519072434138,0.11320081334237046
2014-11-07,-0.0024598137398736952,0.010254903197186133,0.018998150478173728,-0.07075958392246876,0.18742487739628455,-0.006047622751363903,-0.026322514694607713
2014-11-14,0.03154886797354273,-0.017517918519663087,0.03169519348674299,0.13767420050716375,0.28812102392392375,0.030942121579128658,0.0349137212635696
2014-11-21,0.0009182167223924509,0.01717723640587027,-0.01806440676046583,-0.14509949266139988,-0.23612622178134865,-0.03824753608373426,0.020392671029678105
2014-11-28,0.0872318518575863,-0.025764307143842508,0.054967838223785946,0.12335280630613094,0.3526030801711599,0.09397304414493493,0.008773430815897954
2014-12-05,0.11252768066305419,-0.07109253072340425,0.04012416686121317,0.22914160903052144,0.1506256017711752,0.00957921754686163,0.03543194924388048
2014-12-12,0.021869569808857348,0.054364118424160744,-0.005868077616966309,-0.24007431795609344,0.11822951987528835,-0.003346259402882254,-0.01023566928521428
2014-12-19,0.059482091800465486,-0.043519154945459014,0.07039510632334832,0.17574240589724072,0.44672851901854665,0.11566928521428015,0.07016744630495894
2014-12-26,0.01852404697369625,-0.03319062809792191,0.024668931968776803,0.1596059234527174,0.15427411625745846,0.04650096112179024,0.017974421938021533
2014-12-31,0.02550031342140091,-0.04283805859597026,0.047215571503233134,0.2782957502764056,0.3718808208385003,0.06960166224069156,-0.0496943299369993
2015-01-09,0.003681682990398061,0.018898897430125863,-0.006805864773240002,-0.01807253520448331,-0.12235039060309846,0.031316347959421766,-0.2049071656351737
2015-01-16,0.024932895745928718,-0.008211337391576508,-0.019416321905346746,0.0907441921310787,-0.21877947712960633,0.0692358803986711,0.006173846376070844
2015-01-23,-0.01744632271020452,0.020138649119615912,-0.0506037394182351,-0.12079260113461718,-0.4347270113342926,0.12294181046456071,-0.08461649573884154
2015-01-30,-0.038451954655027154,0.04886452356197233,-0.009204157243342236,-0.2988116328887738,-0.06990003643098122,-0.0667291858798431,0.030652785030944787
2015-02-06,-0.03551431258534987,0.00825414941550131,-0.03336287978472991,-0.0887941419913367,-0.29637819150974015,-0.04126134734830387,0.00017200191113234592
2015-02-13,0.047521147680547715,2.4098652871000492e-05,-0.011025502073015316,-0.05973886308665005,-0.1026888196094741,-0.04553339481549795,-0.044431160346226066
2015-02-17,0.015127542271523353,0.007459491481645804,-0.008930551197152147,-0.13859473408199757,-0.12692064461219993,-0.06391893243258258,-0.12056489516550184
2015-02-27,0.014342819505326121,0.00875287592866377,0.013737344352175149,-0.02319775611236232,0.10640621267280455,0.041116456849520554,0.05740508227869198
2015-03-06,-0.026399167049182215,0.04493703091612298,-0.012977425229279508,-0.2411034771704225,-0.16074451509730214,-0.08886498738874876,0.022133579261991797
2015-03-13,0.03999977001713373,0.007326320546510274,0.0278195893319398,0.07037783646186646,0.24010621711215624,0.12800631118123534,-0.054290381004233376
2015-03-20,0.07599111027570316,0.004121484381654742,0.005125863493415872,-0.045364495935076105,0.04738844305179343,-0.04577073078589762,-0.13132723696929965
2015-03-27,0.020328471934994097,0.023089307163797812,-0.018192032199985324,-0.14685306045817798,-0.1435936520077626,-0.019020211335681506,-0.03170035222613584
2015-04-03,0.05006420424503366,0.017914928102660817,-0.015513332307176286,-0.12374274171229044,-0.050726200533403994,-0.05197435527061412,0.03791997688863209
2015-04-10,0.04169244270526118,-0.02684913124738535,0.023292835759504485,0.12915503115041235,0.17475199128215974,0.10708296758852875,-0.025636729296992188
2015-04-17,0.057940990972327855,-0.054004374719845906,0.03043116140795967,0.13753914519898253,0.23611481462941217,0.1763410704563384,0.08585473171924131
2015-04-24,0.023171617922865817,0.03548957294907109,-0.015448455202323866,-0.19009405145275882,-0.08155194286460535,0.0381675351948355,0.01280192002133357
2015-04-30,0.01004754776040695,-0.0033087916952495126,0.024235063078946458,0.06791615098719529,0.11989234024018755,0.05602373359703996,0.0024800275558617317
2015-05-08,-0.040314617812202136,0.014227370420100296,-0.059365867898400995,-0.11719197560756245,-0.32724172109146715,-0.22098956655073942,-0.07307458971766352
2015-05-15,0.012958494208494375,0.04635641827083916,-0.040899282137513655,-0.19060087892461472,-0.2541789070918061,-0.05622240247113856,0.13813264591828797
2015-05-22,0.07230582981589473,0.028485175188146195,-0.015377063750307562,-0.1607754505486113,-0.13406593474084935,0.01456593962155135,-0.07398793319925777
2015-05-29,-0.022319210557142144,0.03147273818905754,-0.03273808341617448,-0.14618747918673589,-0.13681443993087813,-0.004229824775830842,-0.029561217346859403
2015-06-05,0.08050685522937195,0.04393745738960725,0.045260619060867605,-0.12068287686462817,0.19287771637581766,0.09922288025422504,0.0032213691263236256
2015-06-12,0.01999216143617777,0.04026663186945126,0.032668287436063086,-0.09911905599181749,0.08783489661879562,-0.04308892321025789,0.0935592617695752
2015-06-19,-0.13084429216212567,0.003818616792162601,0.03542242138953476,0.01063214565614012,0.17303801906939942,-0.06414382382026466,-0.05742908254536161
2015-06-26,-0.0648817675030462,-0.020809390206836493,0.0498199856570583,0.14111862635307681,0.3498721891295641,-0.05400371115234614,0.06392826586962078
2015-07-03,-0.10384000701076279,-0.06111589278759003,0.03643496627434213,0.2497962635837575,0.18345963399013865,-0.0702261136234847,-0.02075667507416749
2015-07-10,0.05677934697574849,-0.08682642383825222,0.08612980077944907,0.28738086218845443,0.33147985514226413,0.11372170801897798,0.06007711196791075
2015-07-17,0.010943466064053498,0.11100841672590513,-0.026765157743936525,-0.25440094677099645,-0.17878207515456637,-0.056017955755063936,-0.07205013389037657
2015-07-24,0.005968926893893611,0.03711719035528681,-0.026064289489372228,-0.17146104014528205,-0.16889170307757473,0.06068600762230691,-0.037126634740385994
2015-07-31,-0.08610054881377682,0.013273425286934426,-0.022537863966914547,-0.12937957767776836,-0.09084337556773173,-0.12023733597039968,-0.07173590817675751
2015-08-07,0.023643461629156093,0.03257778860295318,0.004538502488196185,-0.1988104904636922,0.12474798033529938,-0.015517505750063889,-0.1120341337125968
2015-08-14,0.042642067705160436,0.024831656642552827,0.0025113619159123635,-0.13235645840283658,-0.03589492941190606,0.03022833587039856,-0.03585373170813009
2015-08-21,-0.1188155756418251,0.0021852025500895037,0.015049638257015031,0.06349617219174741,0.06997500473565263,0.013765041833798152,0.027442527139190435
2015-08-28,-0.0688806922335452,-0.023739675275425667,-0.00409483415479793,0.10225330838336834,0.07859779735536103,-0.020082445360504003,0.07544528272536362
2015-09-02,0.007043075256784936,-0.02412222376928358,0.06667733062725165,0.1909833288046399,0.40481552186922226,-0.04525916954632829,0.007042300470005221
2015-09-11,-0.005538009941084332,0.03334629434023532,-0.020148319562423786,-0.1779312932574975,-0.1427134940930974,-0.04428004755608395,-0.02298425538061534
2015-09-18,-0.02865687337737033,-0.037760724241034986,0.016458272685611956,0.22309743473083224,0.16322003726473594,0.05616862409582328,-0.02750075000833342
2015-09-25,-0.005942293319226022,0.005169987717801867,-0.017900100824828236,-0.04306365987717791,-0.22458371447378792,-0.049657440638229314,0.02372959699552217
2015-09-30,-0.00897291109082754,0.008120961344264896,-0.025488092455724885,-0.1204370511105382,-0.2377372220148104,-0.034519939110434564,0.08177601973355259
2015-10-09,0.0428261446479028,0.027610193031532716,-0.004404511453233052,-0.19254206758380038,-0.05594237221086013,0.10350026111401238,0.032035022611362346
2015-10-16,0.05806677604397459,0.02176394509401126,-0.024213584742467896,-0.15735320489413407,-0.17948312261116103,0.03490616562406249,-0.0515267947421638
2015-10-23,0.010517618496520997,0.0015076636191674036,-0.022766858375593318,-0.0369385014876168,-0.17212952616214047,-0.13052145023833597,-0.05736374848609429
2015-10-30,-0.010405349402448416,0.0024391657873591606,-0.0041297133085487275,-0.01585749283031814,-0.07551187312021608,-0.08938988210980121,0.0681016455738397
2015-11-06,0.07336845798623681,-0.001581015911480919,0.013397754494659398,-0.03383404159881838,0.05674441391201794,-0.06979499772219691,-0.0026911410126779184
2015-11-13,-0.012424308728123057,0.009359654269939047,-0.00810927317428166,-0.06129190245717006,-0.06264987091087058,-0.009397437749308325,0.0049391659907332295
2015-11-20,0.007511531562313323,0.02341948378284502,0.0005723841668071935,-0.07968648623885048,0.04002878046019639,-0.023310925676951963,0.0024160268447427193
2015-11-27,-0.05759621447760965,-0.0008718682050726789,-0.00551408959317359,0.060322352548663576,-0.05797585732781881,0.0020324670274114156,0.04327336970410783
2015-12-04,0.03390507142274801,-0.0018144482956670798,0.018435893630430362,0.047655007916685255,0.15304742518894543,-0.002203135590395449,0.06286025400282225
2015-12-11,-0.018906403378299408,-0.003695733427012885,-0.01687167947170224,-0.01797719337168059,-0.12286209106599065,-0.15362881809797888,-0.039807553417260194
2015-12-18,0.04430358696917458,0.01673617522655824,-0.0042739881516046865,-0.12933804392385764,-0.020321673521045778,-0.08328092534361493,-0.04282980922010245
2015-12-25,0.01865490417764759,0.004057803844130328,0.012601546807893844,-0.0019331637040472804,0.14154238284815043,-0.09536105956732852,-0.10577139745997176
2015-12-31,-0.027929758741076505,-0.0012980384165135507,-0.004446599491899595,0.007630762587672841,-0.029415417273056473,-0.02358959543994933,0.011871243013811265
2016-01-08,-0.09901902975073706,-0.02258653289999484,0.06849579493183607,0.18128799343952456,0.5234617928306169,-0.0015662396248847207,0.10819142434915943
2016-01-15,-0.07223729458941675,-0.019575214180886587,-0.009792538721812093,0.12435733868849448,-0.0025186164688222527,-0.05968910765675174,-0.03399726663629596
2016-01-22,-0.0016897903954494753,0.011268604910151718,-0.0007010903885854743,-0.06400146475926956,-0.05644287861807031,0.019113101256680632,-0.005279614217935755
2016-01-29,-0.053756913530284556,-0.019852965670173067,-0.0011994895736814372,0.16723490133072294,-0.0026420478966368934,-0.028521205791175456,-0.0668545206057845
2016-02-05,0.006007963096850366,0.022223852180374818,-0.035722322561188874,-0.18159413599466126,-0.3195840338521295,0.05157301747797197,-0.09106278958655095
2016-02-19,0.029624231136484047,0.030233832057329903,-0.008837677872492143,-0.21637047576052668,-0.10543759157976061,-0.0226180290892121,0.001162235135945955
2016-02-26,-0.03393640692229294,-0.018610674487778586,0.04044766927584761,0.1114195094208102,0.3035938069398051,-0.12483160924010266,0.014085045389393215
2016-03-04,0.04947710844190856,-0.026713497026129213,0.06851820072988542,0.192598310962922,0.4529903682519449,-0.03666262958477316,0.11566972966366293
2016-03-11,-0.024438490056207463,-0.0022728284028078957,-0.012326983746086732,0.06267680406161827,-0.19267068871145418,-0.006376070845231614,-0.008586762075134168
2016-03-18,0.050916415972010576,0.03524641369802297,-0.03355464990830048,-0.2593039010940243,-0.32059915691663265,-0.033548372759697326,0.0067631862576250845
2016-03-25,0.008152687927968971,0.007258153599616343,-0.01995008592970337,-0.12181011854990502,-0.23083703839877576,-0.02702918921321348,-0.16371515239058212
2016-04-01,0.007527002770637337,0.0036294362972689076,0.009622819098965639,0.0016701060258169746,0.09539308709332828,0.05392593251036122,-0.08542983810931232
2016-04-08,-0.011223226118830865,0.009695068282423487,-0.015549943725740166,-0.10214750545039722,-0.13769628630215452,-0.052778364204046704,0.042316025733619256
2016-04-15,0.027146054436502753,0.015335371053542024,0.014754945672032487,-0.11865759997485734,0.1650517007974173,-0.07297947754975054,-0.03519283547594973
2016-04-22,-0.02973831141644334,-0.026646266968262288,0.011599464681148136,0.24415968905361302,0.188515657391419,-0.03242880476449738,0.024185157612862364
2016-04-29,-0.005716715487101953,-0.00037337647759116505,-0.011876134389510375,-0.03422304005013513,-0.10728182688809158,0.027499861109567883,-0.005458727319192435
2016-05-06,-0.008363031598954684,0.003910291465994885,-0.009452726703000241,-0.059468643631459366,-0.1229652120664907,-0.03884887609862332,0.01858153979488661
2016-05-13,-0.017700896065935057,-0.017855112116314003,-0.002137370346429715,0.10511458222065595,0.03733127563198851,0.05918599095545506,0.0052880587562084014
2016-05-20,0.0010666874800808746,0.0012558249762195026,-0.009012453354071479,0.018955840298754474,-0.1467578209251657,0.00635562617362415,0.0024902498916654628
2016-05-27,-0.005106847463793973,0.0019171482400106453,0.0054632879260999604,0.018593107013404078,0.06655450967752652,-0.04611073456371738,-0.060183335370393
2016-06-03,0.04141387755102044,0.006675720071481925,-0.027708319324260332,-0.11772665706575793,-0.28351551683523846,0.07702085578728651,-0.08772453027255858
2016-06-08,-0.007945242417686571,-0.002730184963979183,0.001985988375028439,0.03572996485608014,-0.0042502522187483046,-0.010775675285280947,0.049751663907376745
2016-06-17,-0.016950116782922686,-0.001940822827703308,0.004200738949168922,0.046648921349865854,0.06057828436138047,0.0342426026955855,0.08498272203024478
2016-06-24,-0.010674005581347568,-0.0008103545025748239,-0.0001466790010650615,0.04409006027121152,-0.016779076117386202,0.03992266580739786,-0.014030378115312393
2016-07-01,0.025036072222438754,0.0019216304521714582,-0.012957792739334874,-0.07602850505342723,-0.1616879196603049,-0.044016489072100796,-0.013547261636240402
2016-07-08,0.012072791833111607,0.009187829494292844,-0.011352886136758436,-0.13653267965376695,-0.07103005526067951,0.025244724941388238,0.07300303336703741
2016-07-15,0.02631348127357258,0.007809460975503414,0.005815183765610264,-0.0810059070108698,0.07769391641844324,-0.020763786264291824,0.08714541272680806
2016-07-22,-0.015603062009352131,0.011856973452680266,7.81507838580088e-05,-0.021927248100940783,-0.030354289082577677,0.039800886676518626,-0.024767830753675037
2016-07-29,-0.006582619156879077,-0.00991131928555067,0.02482290854344505,0.10354542333884002,0.26130650335939354,-0.05538417093523261,0.1503252258358426
2016-08-05,0.00036829768440638233,0.00445762226247427,0.016161331747628238,0.017674360563534896,0.16633013216178688,0.002461805131168124,0.06122023578039756
2016-08-12,0.02780559793579629,-0.002714677177055184,0.020917834592236388,0.10047590182545776,0.31203214507896215,-0.010067667418526872,-0.07302125579173101
2016-08-19,0.021489088497160136,0.015381864106495877,-0.006662666410699469,-0.1543702306736037,-0.13787447735425573,0.01383215369059656,-0.028656762852920584
2016-08-26,-0.017215350874586144,0.0001811829048432191,-0.0004521094415974817,0.08600571396926354,0.03825327438802749,-0.014995722174690829,-0.02927188079867554
2016-09-02,0.0021227121124614,-0.006679536034426531,0.0020071269804764116,0.08979097215853239,-0.018906635265031804,0.04225469171879687,0.08275869731885908
2016-09-09,0.0011858387319672037,0.008692893712657558,0.0029202591119480066,-0.10105360597696007,0.02194332624539565,-0.15807953421704685,-0.002799586662074023
2016-09-14,-0.023902665428988223,-0.004857001852771606,-0.002583745211387269,0.03412104168933416,-0.005350324554088924,-0.06791942132690362,0.013999266658518425
2016-09-23,0.011405705322765414,0.00498642913822066,0.007599021198353433,0.01844502460269619,0.12316656946089595,-0.07144434938165979,0.010288558761764018
2016-09-30,-0.006835242866344848,-0.0018951858106046415,0.0015093224168816837,0.05907296064275106,0.022937481868912257,-0.09434682607584528,0.0011800131112567915
2016-10-14,0.016159076378301274,0.009627778558861896,-0.006038500827426095,-0.0908083902064018,0.0023218097945835363,0.058709541217124635,0.0960415115723508
2016-10-21,0.006621595051196971,-0.002717875674962638,0.016612014443515878,0.0429660337557996,0.2641944831236154,0.015862398471094125,0.09346370515227946
2016-10-28,0.0037232476094888334,-0.004065272502912526,-0.0024744072932825155,0.01394696240929602,0.06398512863783933,0.03386126512516806,0.1657689529883665
2016-11-04,0.004203429207845222,-0.0007889042696095513,0.0033245710752885646,-0.015007251878713863,0.029849689524275837,0.08417337970421894,-0.03506972299692219
2016-11-11,0.018797496847207995,0.008712960374558446,0.022102167880605282,-0.0592849712946992,0.24342279356802915,0.06458782875365282,0.05885576506405627
2016-11-18,7.023252819560177e-05,0.007080809420132628,0.006059288374513111,-0.016050888348917873,0.04777706401914021,-0.020030000333337038,-0.02266602962255136
2016-11-25,0.03038513984070046,-0.00931928123996041,0.034077427219141664,0.11753098498786715,0.3176288485602324,-0.03711374570828564,0.09629795886620962
2016-12-02,0.0021724931133386693,-0.006603724503158143,0.018250285024834736,0.11901513992743877,0.23009355133273957,0.03178257536194846,-0.05134412604584495
2016-12-09,-0.009988806868898692,0.00026828474033882235,0.004822149315416557,0.06330462445253589,0.1535633060270403,-0.05229524772497471,0.06382782030911453
2016-12-16,-0.04226751008958973,0.005123555031527898,-0.0037055667111289513,-0.05120351388497537,-0.05116945959797791,0.030628784764275156,-0.003661818464649607
2016-12-23,-0.011485252672570279,-0.0024867162538127745,0.008174870990811049,0.03911224444343597,0.09548564418926044,-0.0011293458816209066,-0.041741797131079235
2016-12-30,0.0007497883661868876,-0.007451976766103659,-0.0018816691029102436,0.040552834394816994,0.10062285813179943,-0.08444227158079534,0.02160290669896332
2017-01-06,0.011356220997679856,-0.0025118043023888183,0.009314615179140178,0.08958798613601524,0.1623148112064547,-0.012647696085512063,0.08999922221358014
2017-01-13,-0.008292334668590473,-0.01503912690559508,0.01923890099242255,0.2013336314037064,0.3115747148703054,0.034876387515416836,0.1299876665296281
2017-01-20,0.01053643020443329,-0.009102884407150956,0.010984720318725692,0.1038458287112502,0.24549607605280263,0.005381837575973066,0.04904010044556051
2017-01-26,0.009857253143918276,0.008523757586793988,0.010366316549772487,5.5904360896059475e-05,0.08368202677094323,-0.12529472549694995,-0.12433827042522692
2017-02-03,-0.00692747257936932,0.0011128988734729944,-0.007181834263925837,-0.10771619441841375,-0.2027042588827367,-0.07399282214246825,-0.03449638329314769
2017-02-10,0.014563871493153524,0.0074357370719630835,0.011348651618659314,-0.09905416501283641,0.16957806908075884,-0.11439015989066545,0.03712841253791708
2017-02-17,0.002328994665284023,-0.007156477715846117,-0.0015016041721620703,0.03188889112271597,0.08965038451625484,-0.033499483327592526,0.04504316714630162
2017-02-24,0.015318111672278256,0.011292779160152594,-0.004380212898762906,-0.12458089863133905,-0.13012473923496298,0.043832042578250865,0.011322348026089177
2017-03-03,-0.013238913597305557,0.007862836570468707,-0.01011015129990011,-0.09735041722260317,-0.15948846285243207,0.03960932899254436,0.009818775764175157
2017-03-10,8.751816001684176e-06,-0.0034449491077845214,-0.010703493283769325,-0.00022390881151384816,-0.12366031429306905,-0.0506632295914399,-0.08427515861287346
2017-03-17,0.005227705673169325,-0.0010191459101312886,-0.0026036543499282153,-0.009300345457120657,-0.011728793669283831,0.05598328870320781,0.008214313492372137
2017-03-24,0.012708187624970613,-0.01593711407044501,-0.005339655559702252,0.04546028317429298,-0.018356995842788916,-0.06708030089223213,0.027411415682396467
2017-03-31,-0.009614282439248,-0.011835192281946148,0.01035853548720669,0.16717248742429702,0.19861220254252332,-0.047105856731741454,-0.014688163201813355
2017-04-07,0.017768840149882115,0.017541909399799133,0.021504787676264726,-0.07408106823016328,0.12219066708603295,-0.02751897243302703,-0.031635907065634065
2017-04-14,-0.008801805848538402,-0.0022583905728426334,0.0037635768952174894,-0.026264887887447366,0.056984999924958375,0.008018311314570162,0.046896965521839126
2017-04-21,-0.005653233902194188,-0.02405774403400268,-0.009434872083595192,0.1073252069632716,-0.011451503945007638,-0.014896609962332915,0.06355270614117933
2017-04-28,-0.0077997225098722645,-0.010841276569608394,-0.006684712763061876,0.11869767117555488,-0.03453536214852342,-0.03465105167835198,-0.023942043800486666
2017-05-05,-0.016629115488044133,-0.02008581073570054,-0.007524708855891945,0.11582364149362273,-0.0267331233894346,-0.02686874298603318,0.015340170446338291
2017-05-12,0.0008366469083975758,-0.03991526163253269,0.02293158590000672,0.2715321020938135,0.24773136070466198,0.02626651407237858,0.04802542250469449
2017-05-19,0.005455812936804749,0.012597386133190005,-0.015229557535163028,-0.14150294913311906,-0.15060951024836763,-0.01389437660418449,0.04795519950221669
2017-05-26,0.022498053674515628,-0.03725542450072708,0.023881358925120475,0.3208912098045808,0.3171755397354879,-0.012045022722474692,0.11628040311559017
2017-06-02,0.001746910582887784,-0.012261552150224163,0.006169507541660541,0.10761227646201271,0.10523765435313608,0.007000522228024756,-0.03191102123356926
2017-06-09,0.02571626067328059,0.0007664693525817786,-0.02562766285350885,-0.14872349555613887,-0.24760522424140366,0.026340292669918552,0.02395182168690763
2017-06-16,-0.016053487390140786,0.021822212348359335,-0.00912071816882402,-0.22181264524262384,-0.1486484841899105,0.008447204968944098,0.08696896632184802
2017-06-23,0.029589969193693166,-0.017472192808665077,-0.0037188381342592725,0.11352520732920844,0.018872550381395372,-0.024132712585695396,0.1127861420682452
2017-06-30,0.012122951905666257,0.005688935085325912,-0.0006818497890004526,-0.057367968765282384,0.013791725767020778,0.11150257225080278,-0.02600384448716097
2017-07-07,-0.0029644376568125352,0.010407131805143782,0.01544077707187454,-0.07543651101662449,0.08877680236216132,0.03223946932743697,-0.042743586039844884
2017-07-14,0.01289959052826517,-0.02969376483656477,0.033302301146214935,0.294753088819397,0.4563533295223932,0.010777453082812031,0.09302103356703963
2017-07-21,0.006888841481033303,-0.013263337057488356,0.027815203847228652,0.08907647031253496,0.25979164168100516,-0.010051667240747119,-0.04967566306292292
2017-07-28,-0.0017996030681757258,0.011670707430821088,-0.00046237201106749627,-0.03528347410353526,-0.07134778882290306,-0.006070734119267992,0.08949521661351792
2017-08-04,-0.0038448207765409137,0.008337608330786181,0.018133977326480154,-0.0331561922916938,0.12469957953302768,0.09731530350337225,0.08680318670207446
2017-08-11,-0.016245097880558168,-0.009706910962918881,-0.0394411976891125,-0.03485491074606093,-0.39068142284045204,0.056956632851476126,0.007427193635484838
2017-08-18,0.021198952664263082,0.010937130769849307,-0.007699918616939838,-0.12474423585521188,-0.159052449420709,0.036768408537872645,-0.02806431182568695
2017-08-25,0.019083569819608126,-0.020273994893286598,0.02290805895462197,0.31765480140261704,0.28682096890715253,0.03136434849276103,-0.007015633507038967
2017-09-01,0.009165514061779678,0.01841506077628145,-0.012064744831896219,-0.19377270316076284,-0.09619864136998434,-0.010681452016133512,-0.0290936565961844
2017-09-08,-0.0011878220825263242,-0.0008126204421177469,-0.00011487546633565842,-0.0009571366707047859,-0.07395111763596647,-0.05717219080212002,-0.00502138912654585
2017-09-15,0.0013878760791325995,0.005934759796073785,-0.0050356300109789314,-0.08365119617123518,-0.04984730176742962,-0.03191413237924866,-0.12011511239013767
2017-09-22,0.0016782815232427861,-0.011612536450162697,-0.00673615716423036,0.11225117919083683,-0.0171345245713661,0.020407782308692318,-0.02709318992433249
2017-09-29,-0.00032050196340027703,-0.008748607475653364,-0.022685513223322365,0.02883850980728762,-0.22584905746755812,0.028921654685052058,-0.04926454738385982
2017-10-13,0.022025283461488243,-0.005752654901273764,-0.020568662256541848,-0.0024064853910779034,-0.18937208926430982,0.05572061911799019,0.03872798586650962
2017-10-20,0.0014919663351184997,-0.030256494290480176,-0.011781571556470402,0.2065440709882632,-0.0702339897401076,0.020659340659340657,0.13126590295447726
2017-10-27,0.024222977704775994,-0.01582237049424551,-0.017982880804330578,0.07819443330625903,-0.0595605934828503,-0.021868242980477556,-0.10894432160357335
2017-11-03,-0.007277528176490633,-0.02463237247847407,-0.014719290924201815,0.1503547120337105,-0.11611708593666648,0.06615806842298248,0.06527805864509606
2017-11-10,0.029856989004934054,0.0016809874387092988,-0.039016962773863746,-0.06838694069637125,-0.2645166087761455,-0.13634240380448673,0.058211313459038426
2017-11-17,0.002174172100070315,-0.03460433217002804,0.0269039960326801,0.20008768460921364,0.20835317404005102,0.012527694752163913,-0.01957221746908299
2017-11-24,-0.004040428552361863,0.0003303367734371146,0.037889990388779535,0.0461119336735503,0.26183885498258475,-0.02651896132179246,0.06400382226469183
2017-12-01,-0.025841820574046048,0.022945712114086483,0.011882526573618473,-0.18125108898695677,0.12514393455843442,0.0840164890721008,-0.03832087023189147
2017-12-08,0.001310609433386567,-0.015287133120083044,-0.014668233015808791,0.06752079610551096,-0.11032124610078888,-0.03753908376759742,-0.026830520339114875
2017-12-15,-0.005625246666566719,0.006046264656771436,-0.030487369354105037,-0.058786695513213805,-0.288214656334782,0.02150735008166757,0.006006288958766207
2017-12-22,0.018523635596328303,-0.022793272393629892,-0.019865440286578526,0.19137750252202593,-0.15608180705197647,0.13024678051978356,0.034906610073445254
2017-12-29,-0.005857544517338331,0.0048136691000108724,0.02327655280013595,-0.010555785652323763,0.18062363508652537,-0.015329503661151789,-0.013707263414037935
2018-01-05,0.026768547576813795,0.0004974919463715972,0.009251165429905048,-0.006937482224310162,0.14311996571966168,0.11843153812820141,0.08934054822831364
2018-01-12,0.020839625490788327,-0.027153599519582936,-0.013658030759417124,0.23694522979343724,0.008358705767042873,-0.013773930821453572,0.15978488649873887
2018-01-19,0.014295857988165572,-0.019024880624771246,0.06827503252692192,0.17251487406819385,0.41991602421986335,0.13601351126123623,0.0633180368670763
2018-01-26,0.022378307742567882,-0.005068556672577998,-0.00968733548887405,0.031245698131327573,-0.029768841579976293,0.10261269569661885,0.058833098145534946
2018-02-02,-0.025122680482961846,-0.03818109713746139,0.02619042690758382,0.22061961462457041,0.13855080989966329,0.12039911554572828,0.032071023011366794
2018-02-09,-0.10080936872985058,0.022765268680643175,-0.015669181034901537,-0.11166363749818697,-0.028927281374607046,-0.08258536205957843,-0.020746452738363758
2018-02-14,0.0328876622446721,-0.0024965402698112764,-0.030245553364134772,-0.03434580224348488,-0.31612813037521736,0.1380557561750686,0.025799842220469115
2018-02-23,0.026249319378062852,-0.0073946766702024345,0.0031803641594040886,0.07121893145278349,0.053026467715730934,0.013186813186813185,0.039743108256758405
2018-03-02,-0.013419010633515915,0.04725776369709212,-0.04183108303820532,-0.24121139774737885,-0.2625146642741193,-0.007908976766408516,-0.09418015755730617
2018-03-09,0.023007822809140377,0.008380232954685889,-0.02861872174817555,-0.12907886837308163,-0.30308918429789944,-0.07296258847320525,-0.04033378148646096
2018-03-16,-0.012765066794520052,-0.0032976587688744127,-0.0007419208154264409,0.016140998264785593,-0.01798511365412717,-0.056822409137879316,0.027824309158990652
2018-03-23,-0.03734327313246655,-0.017982555285806372,0.006848718315300956,0.15242026294964187,0.012344892567455475,-0.02701141123790264,-0.05644996055511727
2018-03-30,-0.0016491930733890658,0.0585533408733831,-0.032100575553626935,-0.3164404718882776,-0.22386038826169077,0.04977655307281192,-0.044137379304214484
2018-04-04,-0.011194048993202532,0.0007118952340308127,-0.008586376944271196,-0.02196109481728405,-0.010261840901271798,-0.058198424426938074,0.13635084834275935
2018-04-13,0.00422324027331733,-0.003967213511924319,0.016765691690147033,0.07413415052805855,0.09828289286417995,-0.032991922132468134,0.03931199235547061
2018-04-20,-0.02849031551429293,-0.0023139776998947702,0.003982481271848118,0.04880232341822673,0.05017993874289837,0.023204702274469715,0.10054911721241346
2018-04-27,-0.0010556124280415302,-0.007890111884510125,0.011205160083987368,0.03235106197094154,0.09590661022835059,0.013065478505316726,0.0028506983410926784
2018-05-04,0.0047166797981303965,-0.0026850418724013816,-0.010279257460273887,-0.046752509536590575,-0.058201026432859654,0.062497583306481176,-0.05113301258902877
2018-05-11,0.026026598844910875,-0.012602995919460102,-0.01385287177224225,0.1371185460942619,-0.1706225887024649,0.05138412649029433,-0.0670549672774142
2018-05-18,0.007803059253674194,-0.002865088874119459,-0.00172854459414944,0.03581232811386099,-0.0533241171419547,0.03284347603862265,-0.030463449593884376
2018-05-25,-0.02217747100992551,0.011817986240881609,-0.014403853591200957,-0.11491603113845074,-0.11900894878314375,0.0648647207191191,0.03878265314059045
2018-06-01,-0.01202934625966201,-0.018783755654628455,-0.015202392418106489,0.1424936298491013,-0.0029664119817307305,-0.0929939221546906,-0.0615664618495761
2018-06-08,0.002394850673236748,-0.016725943453554902,-0.021293456647837036,0.10285253202574346,-0.18030413387312283,0.046377848642762697,-0.12852453916154621
2018-06-15,-0.006929268021652946,-0.023796685437324286,0.01999450025792538,0.18308666275793348,0.2037803413930789,0.039037322636918184,0.04573561928465871
2018-06-22,-0.038506113075240433,-0.02684810329268192,0.004363392799520315,0.1354963483670594,-0.00015469874276297457,-0.0350572784142046,-0.06517539083767597
2018-06-29,-0.027132921388788867,0.023058181909917968,-1.7696671493388008e-05,-0.1294349758681721,-0.005455620131728388,0.022574473049700554,-0.03864665162946254
2018-07-06,-0.04154395638824493,-0.012338227661003745,0.014464166789182064,0.10444750493860039,0.09535360619881368,0.07756130623673596,-0.004896943299369993
2018-07-13,0.037909495055154174,-0.004982009250169137,-0.032043846610764884,0.00982274166026637,-0.3121468206921767,-0.04277736419293548,-0.05061834020378003
2018-07-20,5.7262453867945595e-05,0.0012854604604703266,0.009503046951119103,0.016103850722337235,0.13429065816967867,0.002432915921288014,0.003183146479405326
2018-07-27,0.008113625107003086,0.01600295666981823,0.03888214611191289,-0.05822719509964112,0.3865224386543062,-0.008644540494894387,-0.02295625506950077
2018-08-03,-0.058488085129344,-0.008509948328615848,0.03634890937855409,0.13253086746925813,0.3254261862724107,0.04912143468260759,0.1008131201457794
2018-08-10,0.027068603556863913,-0.004245238952076173,0.007601919853854609,0.05538072287016432,0.1123491856287421,0.042153357259525105,0.010409004544494938
2018-08-17,-0.051512179076774856,0.0019763473787896787,0.023703825355973044,0.02445137381951087,0.263964490947277,-0.03935599284436494,0.14419537994866607
2018-08-24,0.02963506542565386,-0.01581604216436876,0.005396604521464787,0.1377676504198131,0.028091063591210053,-0.02945099389993222,0.0632553695041056
2018-08-31,0.0027576210481365937,-0.00712505328564262,0.011266316523628838,-0.0006242399453988012,0.02817098246266112,-0.15565639618217977,-0.04384626495849953
2018-09-07,-0.017052031788873934,0.005821291394143501,0.0023571710612141725,-0.015977929604909256,0.027633825021337727,0.05968910765675174,0.06533139257102857
2018-09-14,-0.010846218620714776,-0.0073200289747184615,0.02526472201734383,0.11220915731217616,0.3037976327809461,0.07109056767297413,-0.05689174324159157
2018-09-21,0.05194180297277362,-0.019904806513081075,-0.0001487307295948391,0.15275970119116608,0.02725645165218992,0.08424982499805553,0.04927476971966355
2018-09-28,0.0083184527736484,-0.010040137416630507,-0.01161717867838982,0.10778568064578543,-0.1270626379893375,0.03957599528883654,0.04223335814842387
2018-10-12,-0.0779706065382133,-0.04378614464832242,0.02373367653414521,0.20870757963530995,0.14283879854232842,0.14027578084200934,-0.029177657529528105
2018-10-19,-0.011284467614713356,-0.013550935688562462,0.014391003283865203,0.08438320763549209,0.09711180911461127,0.048672096356626185,-0.04754408382315359
2018-10-26,0.012341504649197033,0.036269349011458875,0.06323427562067652,-0.13009831647570552,0.4086141576993531,0.11023100256669517,-0.0054485049833887045
2018-11-02,0.036743297916588036,0.029662781991495805,-0.02880412944949548,-0.20624097142780184,-0.20585989042148772,0.02283980933121479,0.01763664040711563
2018-11-09,-0.03732543119823717,0.018598680856033823,0.006173343586673895,-0.13892984894931348,0.04497919870333465,0.03015766841853798,0.009164546272736362
2018-11-16,0.028486727451822347,0.049274733699592475,-0.004972739663770471,-0.30741381393529577,0.01954080066853445,0.020662007355637283,-0.08555961732908143
2018-11-23,-0.03505266033698928,-0.0279563517123386,0.01191199698203953,0.2044497113218068,0.09200842102275429,0.030660340670451893,-0.011413015700174447
2018-11-30,0.009292249354218907,-0.0012950556177190131,-0.011920318021373208,0.0017453825731503993,-0.17100029028221292,0.054121490238780434,-0.027461194013266813
2018-12-07,0.0027957348496070455,0.010529014654950174,-0.0027064438453827683,-0.04553061992412747,0.040918716235067445,-0.09087612084578717,-0.04814897943310481
2018-12-14,-0.004918970567897585,-0.01440698050817623,-2.890430666378785e-05,0.10506624265591055,0.005834559648910935,-0.04158801764464049,0.016360626229180324
2018-12-21,-0.04311872415829876,0.011788082921970288,0.018618147803787302,-0.04944816863008518,0.21143239866534683,-0.0494361048456094,0.013930821453571706
2018-12-28,-0.006189344424638588,-0.013983276464164182,-0.010689914371344943,0.06894805562861148,-0.04264322641770598,0.06038333759263991,0.007283636484849831
2019-01-04,0.008376928570242193,0.005281570413416019,0.030262803500661437,-0.04416816195639604,0.2550491329486372,0.05997888865431837,-0.00800808897876643
2019-01-11,0.019404651714335586,0.0027308244457087977,-0.013338409431955805,-0.02927975121605443,-0.02680931412225575,-0.0026346959410660114,0.02791897687752086
2019-01-18,0.02371412507512649,-0.007239896702416149,-0.01749049335317479,0.060180697433410285,-0.1028994330011117,-0.006560072889698774,-0.02881765352948366
2019-01-25,0.005144925935161249,-0.010032453850295109,-0.007688753269138997,0.10531868023679933,-0.14947098641824028,0.02046556072845254,0.05284547606084512
2019-02-01,0.019761530176136244,-0.022437691447474078,-0.00996490529848969,0.14533196618039146,-0.08909571806758672,-0.019603773375259724,-0.14069178546428293
2019-02-15,0.028114799531933077,0.041221323355123726,-0.02805549299858835,-0.2431759244499695,-0.1354970775703733,0.01806997855531728,-0.0326683629818109
2019-02-22,0.05433851499086484,0.022005763341663504,-0.003196961572012977,-0.12648602981636967,-0.033666196089047085,-0.07124434715941289,-0.02587584306492294
2019-03-01,0.06522220833380676,0.0016794685026492822,0.014717935884367594,0.0010531661805620878,0.16281662176596784,-0.17560817342414914,0.08801697796642186
2019-03-08,-0.024569900072272333,0.04413369721783358,-0.013714860577118801,-0.18389065796066653,-0.10788430732792925,-0.08665251836131511,0.007668529650329448
2019-03-15,0.023903783375893495,0.0051038611327522965,-0.015905145124278756,-0.022558140105295325,-0.08942846722681344,0.0063502927810309,-0.03947866087400971
2019-03-22,0.02370888195225107,0.018708308226327824,0.001603051085631772,-0.15358132195776908,-0.04941027633945113,0.017404193379926443,0.042970255225058054
2019-03-29,0.010052689237831869,-0.02177642033007393,-0.03244064239230418,0.07743258650331594,-0.21065208487191311,-0.04378226424738053,-0.01673129701441127
2019-04-04,0.04903753286126733,0.01482289632908572,0.017079211999506416,-0.11278945465766353,0.13129763798937458,0.05184857609528994,-0.0361195124390271
2019-04-12,-0.018120588937603266,-0.014722388973077654,0.014498189556387773,0.1326833800746671,0.20482540474658573,-0.0170793008811209,-0.03819242436027066
2019-04-19,0.033091645732107766,-0.020831935439802562,-0.01231558035401434,0.14009087449632276,-0.017784927361796946,0.03427771419682441,-0.03751286125401393
2019-04-26,-0.05614217312485281,-0.017172161004991346,-0.010876897705708693,0.09375779949907698,-0.11287764275993882,0.09587128745874954,-0.08536805964510716
2019-04-30,0.006155396771116539,-0.02423325783637041,0.01418396753168186,0.15503273980593815,0.11067133984512001,-0.03741197124412493,-0.005747619417993533
2019-05-10,-0.046703345846504596,-0.0035634871224478268,-0.0055678701609509565,0.017603152040961894,-0.09770665604287826,-0.12645296058845099,-0.08040622673585261
2019-05-17,-0.021898162420083245,-0.009326265861826938,-0.0005692537943806919,0.09996204103948327,-0.009086124535125186,-0.06538694874387493,-0.023826931410349
2019-05-24,-0.015032504193205454,-0.006128927046776789,0.016263829376439665,0.0742953338042102,0.10464590762948918,0.025285614284603162,0.04066578517539083
2019-05-31,0.009983555514745834,0.003570761421315742,-0.015638318304786025,-0.03984718245141328,-0.17052481343340545,0.036422182468694095,0.02726696963299592
2019-06-06,-0.01793767683529901,-0.02112717196890178,0.03390818520972024,0.19083684036162868,0.2816693695890149,0.045542283803153366,0.08151512794586606
2019-06-14,0.02530381408709914,0.0006127013385338395,-0.01828835080451819,-0.01810203418469125,-0.1928770038964481,0.06059711774575273,0.02272825253613929
2019-06-21,0.04899203257015272,-0.002541744479739972,-0.01694869321810134,-0.04126080781710355,-0.141166754508046,-0.06748252758363982,-0.021169568550761676
2019-06-28,-0.0021779161906549938,-0.008753097283572034,-0.018857034815487977,0.05293714297636782,-0.19441193683496902,0.0014444604940054891,-0.03631284792053245
2019-07-05,0.01767309094806291,0.002644934442065864,-0.013194930582519115,-0.024451610307246973,-0.05795678703279291,-0.06279536439293769,0.06821186902076688
2019-07-12,-0.02169680468509194,-0.013310281604974238,-0.0026567992627029354,0.12437545583037397,-0.022017314722865635,0.07893954377270858,-0.07281458682874255
2019-07-19,-0.00020216712657494806,0.005752186344429168,0.012768170285886397,-0.06596785800415489,0.08667040421465802,-0.09984822053578372,0.011529905887843197
2019-07-26,0.01329058078341161,-0.0024826014959985765,-0.020015602352709733,0.02332204008474111,-0.16928694709677858,-0.08597917754641718,0.07177324192491027
2019-08-02,-0.028800825176166334,0.006215697491296912,-0.011569952714689361,-0.022791043204272415,-0.07776661932356183,0.045976955299503325,0.06096601073345259
2019-08-09,-0.03039675084857929,-0.014212617783727103,-0.006815517554343165,0.13888653722769723,-0.06305840456370272,-0.05264280714230158,0.0014035711507905642
2019-08-16,0.02119426563149318,0.004975542953392469,-0.03786475639212027,-0.04147574091387987,-0.29461161989104684,-0.04228580317559084,-0.07357192857698419
2019-08-23,0.029731521557509133,0.002992572525870553,-0.02902264978688033,-0.023316889181821333,-0.21272433410022257,0.08394582162024022,-0.025302058911765686
2019-08-30,-0.005566809566432629,0.0002962473977298266,-0.024194864911253555,-0.011202319458480738,-0.14735509994529292,0.04111467905198946,0.10384070934121489
2019-09-06,0.03919370247842524,0.022819010016855035,0.0113995028039076,-0.1357161703850717,0.07719669868562588,-0.0039013766819631325,0.008308536761519571
2019-09-12,0.006045318360596852,0.012684410074714178,0.013133411520797,-0.1417762654902529,0.1159868448781423,0.0595459949554995,0.012825920288003199
2019-09-20,-0.009246346019262996,-0.0008072171296169788,-0.01941984778118481,0.0460271312018917,-0.2113741063624252,0.027833198146646074,0.0038409315659062872
2019-09-27,-0.021089273690495847,-0.013849848326162645,0.005110584551019027,0.17303535840602352,0.11944080398584347,0.027520305781175345,0.06231002566695185
2019-09-30,-0.009894488209414298,0.001292742492373478,0.006679576139146259,-0.008873522422605822,0.12303193911891269,0.0009075656396182178,-0.011482349803886708
2019-10-11,0.025481514105276437,-0.008642025257748607,0.010198581037581925,0.04575802343354472,0.09690259358882898,-0.01601040011555684,0.04274625273614151
2019-10-18,-0.0108264118433532,-0.011815652753501429,0.0032213312098118563,0.08914855385436131,-0.008495524374150616,-0.03948888320981344,0.031671907465638506
2019-10-25,0.007083822214411617,-0.008508256761566014,0.0048708635417170024,0.06700596391078593,-0.014097123376450098,-0.03622218024644718,0.04666718519094657
2019-11-01,0.014268154044739356,-0.00886932302608341,-0.014930908376051917,0.03236599232943184,-0.08010999902147382,-0.07200257780642005,0.03005944510494561
2019-11-08,0.005217096490984119,0.004798793486893791,-0.010107072031702132,-0.05639682690127597,-0.13808555154454386,-0.07233902598917766,0.062072245247169415
2019-11-15,-0.02414290424640264,-0.00933196014709591,-0.01541201488391846,0.07413588884601204,-0.2380033509885835,0.1022909143434927,-0.01081523128034756
2019-11-22,-0.006989778416286563,0.022807045596281383,0.004672102414015105,-0.16231955512758442,0.12191373953356781,0.06445938288203201,-0.02447760530672563
2019-11-29,-0.005537676721238172,0.010427034750454298,0.019886125257620353,-0.09211138548486578,0.2654924606933338,-0.028331870354115045,0.014060600673340813
2019-12-06,0.01925472814319318,0.0018919683960779818,-0.0266764207575634,-0.03928100715447285,-0.2825025813882404,-0.008520539117101301,-0.03184790942121579
2019-12-13,0.016869149418689444,-0.00286109241086869,0.007087672878204344,0.013963147709737472,0.019580564837350857,0.03878309758997322,-0.016221958021755797
2019-12-20,0.01235566576449898,0.011311495880036356,0.012315797630440028,-0.14484855060764454,0.08936780407742204,-0.19553017255747285,-0.11521239124879165
2019-12-27,0.0011898686912690248,0.007992690096933054,-0.006940477658205911,-0.058285663016559665,-0.08506022783999342,-0.08017511305681173,0.08164624051378348
2020-01-03,0.03056416784559035,0.01264217087926478,-8.274540388860697e-05,-0.1883522957620418,-0.1460283884454565,0.07995644396048844,-0.00812409026766964
2020-01-10,0.004395699837875355,0.002866128927651108,-0.028926204670546466,-0.03455963998555204,-0.27466404655758136,0.09124634718163535,-0.04489294325492505
2020-01-17,-0.002000874331640645,0.00882013333391478,-0.02177524453583842,-0.07076734685754449,-0.21601952724361595,-0.05530594784386493,-0.0464022933588151
2020-01-23,-0.03633103481473465,-0.0009057900997003857,-0.022874261399956904,0.007706966029304561,-0.16820931344108847,0.024248713874598603,-0.0009208991211013456
2020-02-07,-0.025982167386797927,-0.006775344602627363,-0.05401963212642976,0.008421954293663438,-0.3506670853488091,-0.06099889998777764,0.006299625551395015
2020-02-14,0.022528956093408326,0.010743443059992197,-0.009795853265543804,-0.07057459477724526,-0.06647990789935738,-0.06340692674363049,-0.10621940243780485
2020-02-21,0.040564431393298905,0.018557096193139968,-0.011769379511422162,-0.13874827742644788,-0.06068671468678176,0.059425549172768585,-0.07641418237980421
2020-02-28,-0.05047367266820735,-0.0048531208485267235,0.02238421537283953,0.028582579619006728,0.21315079432486153,-0.057709974555272825,0.036559072878587534
2020-03-06,0.05036991916346234,0.00534138108908266,-0.004619131949936482,-0.09363560522033904,-0.060419322452436044,0.12914587939865999,0.03311281236458183
2020-03-13,-0.05876511111486993,0.0037686647804570698,0.02129672480327964,0.01648381934133648,0.16416222755439702,0.11878443093812154,0.07874887498749986
2020-03-20,-0.06214909724771589,0.0016094923422806731,0.022380903212339327,-0.016610560034792506,0.10538923273546526,0.011039233769264101,-0.005168501872243025
2020-03-27,0.015558876826470946,-0.019203809579037015,0.0029493136748047263,0.13053081379821224,0.03268730253272388,-0.057307303414482376,-0.028734097045522728
2020-04-03,0.0008517382468207213,-0.018343089682207568,-0.02925765942556961,0.10518737355530729,-0.2380973516513195,0.014425938065978512,0.007501416682407581
2020-04-10,0.015070477914047586,0.008737466330814207,-0.01689670330315572,-0.05375162950444361,-0.1776343053117768,0.03310970121890243,0.01871887465416282
2020-04-17,0.018653924726333093,-0.004328299638125183,-0.025947076602630043,0.049818997284546855,-0.2758077959722279,0.09337170413004588,-0.050519227991422125
2020-04-24,-0.011074387483754333,-0.0035142835154816157,-0.020896881132980757,0.05246601245665529,-0.20520211684547174,0.05187968755208391,-0.01985399837775975
2020-04-30,0.030447962454272837,-0.008478120149979427,-0.007597418995794419,0.02605471414530879,-0.08537174961362456,0.008024978055311724,0.006969855220613561
2020-05-08,0.01304510067525766,0.017719890496379447,-0.03481817328759956,-0.11299688666384716,-0.2710845509574592,-0.006709852331692574,-0.05209657885087612
2020-05-15,-0.012816566673899077,0.0033015456015670617,-0.012759763030229198,-0.008094068023718521,-0.1875099738068265,-0.11215413504594494,0.07059767330748119
2020-05-22,-0.022684406642779487,-0.005612515673176197,0.01134879959200586,0.07946383991733902,0.1884585023825915,-0.042998255536172626,-0.02697896643296037
2020-05-29,0.011234133355648268,0.004163235596394904,-0.01736308768462058,-0.008247454796348752,-0.12493204776408534,-0.024138490427671414,-0.04268402982255358
2020-06-05,0.034711483261012255,-0.00764310909126936,-0.016180425312768122,0.0396046529546239,-0.18639756231336022,0.04262180690896565,0.03136034844831609
2020-06-12,0.0004573570759136558,0.0018649995486876647,-0.021407897783442563,-0.029534909913317624,-0.24238736344973968,0.052219246880520896,-0.08528939210435671
2020-06-19,0.023889105388850584,0.004559476186517305,-0.025674994647032386,-0.0613230132341684,-0.22641671586767778,-0.00912899032211469,0.03707285636507072
2020-06-24,0.009827482305408308,-0.004698847110619837,-0.018811070424727752,0.028105948237449205,-0.2526833253411685,-0.008687207635640395,-0.045101390015444616
2020-07-03,0.06779673301940825,0.0038917208201007477,0.020464881824976508,-0.026535647100886548,0.1457125139109585,0.08434671496349959,-0.005449393882154246
2020-07-10,0.07546610552991218,0.033734891086912216,-0.04674244611903519,-0.12640280273988755,-0.21137299550488375,-0.04355470616340181,-0.0509841220458005
2020-07-17,-0.043851104430133514,-0.0028797423416264075,-0.00874886188650089,0.03289489614723505,-0.04700851577795308,0.0350510561228458,-0.003372481916465738
2020-07-24,-0.008605628534336662,0.0004818371901024858,0.01772207024662465,-0.057772933251434934,0.05025113850086905,0.07421682463138478,-0.10153357259525105
2020-07-31,0.04204998679418237,0.007316590798971946,-0.05597455997061669,-0.03804087658249056,-0.36235084733641415,-0.0035804842276025285,-0.04681296458849542
2020-08-07,0.002743314767680971,0.018307856609825476,0.008774559540850595,-0.10615083828233912,-0.002407555180374604,-0.09666418515761287,0.05595039944888276
2020-08-14,-0.0007009450013063523,-0.006524052880918022,0.039616707700366544,0.06590386840460362,0.30907696592943834,-0.06799986666518516,-0.013537483749819442
2020-08-21,0.0030204288116175704,-3.6123937434189186e-05,0.011278085302871117,-0.016105399454157412,0.037557978089726426,-0.02695496616629073,-0.05324859165101834
2020-08-28,0.026580685083622324,-0.019834823329337656,-0.04897427035199846,0.13490955409934716,-0.29762152970080596,-0.04192313247924976,-0.06038244869387437
2020-09-04,-0.015286100898587396,0.004245602058055906,0.007364404835719059,-0.05288462085319308,0.010592202365670262,0.083463149590551,-0.04772097467749642
2020-09-11,-0.029965074986059492,-0.016959616779248503,0.04746388118796517,0.13496849430834906,0.3927248043086396,-0.030047444971610795,0.04055511727908088
2020-09-18,0.023731003959129415,0.012132980660121952,0.008999588075746964,-0.11569490502431662,0.021478500359262992,-0.08008177868642985,-0.02138512650140557
2020-09-25,-0.03526848761581469,-0.004560194956107694,-0.009037795341692722,0.060678849845528564,-0.11053150492158549,0.12924099156657295,-0.010152557250636117
2020-09-30,0.0038030468137992823,-0.007494706332050901,-0.01517409239787466,0.13062879498471602,-0.18975588218862333,-0.031189679885332056,-0.06522161357348415
2020-10-09,0.020434232898809856,0.005208718819029554,-0.01311899324993066,-0.09010258379418633,-0.2564304061133287,-0.02997366637407082,-0.008818320203557816
2020-10-16,0.023613906014346986,-0.01851914480337763,0.0041752814174573025,0.0893833000239129,0.029881888308309998,-0.01196057733974822,0.016367737419304657
2020-10-23,-0.015274392279951976,-0.00515079062672003,0.026527120826269193,0.07872643641285841,0.34011417111247,-0.0042671585239836005,0.01878065311836798
2020-10-30,-0.004908349917028487,-0.010524558241175194,-0.046791050788745236,0.035732207264169695,-0.3397714192377076,0.028060311781242013,-0.029006100067778526
2020-11-06,0.04054880061678312,-0.0026789516017047357,-0.007987893783732151,-0.016969317236240896,-0.08781229061058522,-0.09126279180879787,0.0894129934777053
2020-11-13,-0.005909057416307095,0.01175029062470558,-0.00025481627112349404,-0.07483164329138775,-0.02287171201311182,0.0838804875609729,-0.02266158512872365
2020-11-20,0.017797543675427407,-0.004300300540976694,0.03066376854323566,-0.03708127594311243,0.20016695298801457,-0.07021989133212592,0.03704574495272169
2020-11-27,0.0075819949871442915,-0.010792930514141381,0.043916508499118316,0.08166738419414261,0.373048231789967,-0.028371870798564423,0.029416771297458857
2020-12-04,0.01709575025548249,0.00760056638443419,-0.04090308160696431,-0.03784668478826534,-0.32489541676611455,-0.000260002888920988,0.026068289647662748
2020-12-11,-0.03479920725159491,-0.015930111206219958,-0.012055101705257736,0.14556460203871016,-0.0767664141696083,-0.10744252713919043,-0.042004911165679615
2020-12-18,0.02256612463519736,-0.001178810913360916,-0.028149166291348924,0.024021995631176928,-0.22531461203149775,-0.03919821331348126,-0.017141079345326056
2020-12-25,0.008408050448302617,-0.013570937111621426,-0.04254197835654018,0.0596984027697916,-0.27019225610656106,0.03599239991555461,0.07671374126379181
2020-12-31,0.03357391199144777,0.0019053568558701692,-0.02706564548831855,0.04889646617296918,-0.20879330411757221,-0.037928421426904745,-0.025055833953710593
