ÈÕÆÚ,G1,G2,G3,G4,G5
2009-12-31,,,,,
2010-01-08,-0.003836857066403735,-0.01085959437217869,-0.0044729522492977835,-0.016380559817784413,-0.03765805822372119
2010-01-15,0.04499114026096756,0.04454924550103294,0.028083846821471463,0.0024142764351113622,-0.0077251219418769815
2010-01-22,-0.041354440508182086,-0.042140548387383105,-0.05238092707134184,-0.042880087638145534,-0.026657125264301085
2010-01-29,-0.03375673604626658,-0.04844694504864668,-0.04115707769184126,-0.043923528444261735,-0.04544935086229142
2010-02-05,-0.016968427041766466,-0.014109835137081913,-0.03403486074293741,-0.022044212185834654,-0.016462170523425395
2010-02-12,0.03456587638635445,0.028663902541024834,0.03762094990023632,0.032035797106200574,0.02767187744617804
2010-02-26,0.03859225516278195,0.03156117149479482,0.03207245023724708,0.017501444134263848,-0.004238481483732918
2010-03-05,-0.0013557602462168355,-0.009523708493971904,-0.012445402927138305,-0.012325291111085039,-0.006565866857221227
2010-03-12,-0.021640640479130255,-0.023479731742317034,-0.0217393332074693,-0.01276309581163676,0.0021139700039395463
2010-03-19,0.031222172731402712,0.025048359291971262,0.02768271371291983,0.016508835102114986,0.011659591945019771
2010-03-26,0.00028928384301460863,-0.003793040983622878,-0.0072407410062146765,-0.0023920633824693303,-0.005034877095268155
2010-04-02,0.038768137467590905,0.039905880033095024,0.04489692837106185,0.04756082375341257,0.02972076103407614
2010-04-09,0.006728330959734025,0.007075675267421826,0.0061626384482835325,-0.009284057156601818,-0.013714673989655831
2010-04-16,0.0018299053214479533,-0.012450130728531421,0.0011146282380406745,-0.003527701476183026,-0.004022579370357141
2010-04-23,-0.04117707150364707,-0.022552623413854982,-0.020998054137002096,-0.04670127786346069,-0.06255385676112643
2010-04-30,-0.06279873381747426,-0.07335236572139182,-0.061826983452895654,-0.04378645337762037,-0.016141112126168138
2010-05-07,-0.05584977762125244,-0.05083300396732197,-0.0771647540792094,-0.07717149572502546,-0.07569308060215144
2010-05-14,-0.006153556777275159,-0.012759096265225499,0.0050451727189088245,0.005179930245690008,0.018719579814341178
2010-05-21,-0.05130292250322873,-0.03823830536875873,-0.0426965261681644,-0.03557196293006745,-0.03287472679628343
2010-05-28,0.041954024277359975,0.05172061794310873,0.04185265307767922,0.048876841489096275,0.015526478949918153
2010-06-04,-0.048034147316182225,-0.03183646511495386,-0.03773867643055424,-0.03368920241459118,-0.03412567869624328
2010-06-11,0.025163722214507363,0.022865682364075702,0.015370430066106689,0.017815038309901245,-0.0035256253688434594
2010-06-18,-0.02854324204417173,-0.0460353150290395,-0.036003031091830014,-0.036756378333759145,-0.008669502293663362
2010-06-25,0.015415937363603659,0.006214184363140916,0.00919100369669567,0.0038482368779430526,0.02114893451805234
2010-07-02,-0.09950248166770173,-0.10005132606769432,-0.09796900092681139,-0.0940286538210701,-0.047530012221471525
2010-07-09,0.05726210515153226,0.0607278765520661,0.050673670057873356,0.06351940472647609,0.029986971910576556
2010-07-16,-0.00454401138687047,-0.009034952105371193,-0.013916056390946611,-0.01248707934498426,-0.021607768010577035
2010-07-23,0.09061186943588143,0.07044057975038175,0.08138682805171936,0.08568912922626531,0.053206899942801505
2010-07-30,0.03939679606324951,0.03920378117015124,0.0394760600858692,0.035062049749392664,0.018592058215527247
2010-08-06,0.02802337025451319,0.02432449121130404,0.02082027440862408,0.020772822888056857,-0.00514073469693815
2010-08-13,-0.004785458929236775,-0.008240551155109846,-0.0016006458866238131,-0.012130892428117813,-0.025524886950918084
2010-08-20,0.019698643234597562,0.012513163470560426,0.0041930619593774435,0.013422406081298719,0.017266033448225124
2010-08-27,-0.011150548632445901,-0.012776154505125564,-0.0031548239231992837,-0.008934857369592427,-0.018065514461592203
2010-09-03,0.027110001538727512,0.0361307170290144,0.03146103845239983,0.029087713633223,0.004692172443266182
2010-09-10,0.0074700850114312175,0.019804252521416543,0.022060350306877693,0.018151273294933393,-0.004329400784907374
2010-09-17,-0.01165676697564731,-0.02007150237807852,-0.01907581589529859,-0.01858237863486563,-0.025485436533948753
2010-09-21,-0.00509457807278136,-0.015503872472773458,-0.014201019569466396,-0.0029151351665247147,0.0026508357432385877
2010-09-30,0.017101569794451328,0.0294777770296411,0.04237728121125024,0.029739265160911847,0.021507221794681036
2010-10-08,0.026581991099806454,0.03334152476396488,0.03472514673257475,0.039910608661932426,0.03386912548180629
2010-10-15,0.05426268631541837,0.046867015374991355,0.07990903617723995,0.0768173450702059,0.11396123984097906
2010-10-22,0.02419232623699058,0.028598347783862256,0.031107823789557388,0.036906681201729845,-0.012907299104274194
2010-10-29,0.0241047784214043,0.01953021887886253,0.025896598846882182,0.004210801329294434,-0.010456426221395613
2010-11-05,0.03953675883921993,0.05798899262551203,0.04543042837332491,0.04821040846592127,0.0459639424010548
2010-11-12,-0.060170908574880354,-0.07282897023054685,-0.06524882084471113,-0.05973405587137822,-0.042064756494401716
2010-11-19,-0.026322436910221264,-0.019189613936046717,-0.03235785794455119,-0.030400276125373438,-0.04026708834677384
2010-11-26,0.012555078360557501,0.014758648756884114,0.0120640266590025,0.0062328737473135625,-0.018352442073809663
2010-12-03,-0.007317567150167639,-0.027190988888211927,-0.017591780016463714,-0.009547379358850451,-0.004565244175463546
2010-12-10,-0.009722966704741199,-0.006772189984269472,-0.001746308377201352,0.001529208720743992,0.003518937773155359
2010-12-17,0.02923628975057879,0.03483800283516864,0.03454411309707936,0.02967612105545431,0.008823238094171307
2010-12-24,-0.018837629160458735,-0.02657352706385754,-0.024186557778767305,-0.021822300820803723,-0.014585687312413533
2010-12-31,-0.0301741480289339,-0.014656402280515653,-0.012725519822946249,0.007820995534174176,-0.008827691301413075
2011-01-07,0.024464145417807632,0.016734287003080668,0.01182409700957693,0.008106286505578696,0.008846054191597017
2011-01-14,-0.027468108319107537,-0.037598355757441894,-0.03964655172040907,-0.0345472530155416,-0.0038676874255348668
2011-01-21,-0.04325244840454016,-0.042845080982739384,-0.03364620819462765,-0.04465974016602589,-0.022134714425997255
2011-01-28,0.013846703647117762,0.020426019486956156,0.023859962281907947,0.022431220995093686,0.012073401543524107
2011-02-01,0.008239389982582123,0.020882084147090033,0.015407283122998527,0.015485357141642718,0.01440037564967393
2011-02-11,0.034141311730395224,0.02520801444909071,0.022279138035088426,0.016603578253977104,0.0003824165986574261
2011-02-18,0.028748777615086443,0.03537447196086863,0.03913124087986183,0.025675964279857945,0.022289384818382895
2011-02-25,0.005970235962738496,0.0064000808270333175,0.0007120239256212662,-0.002659474029096203,-0.016013393498582138
2011-03-04,0.019446244882654506,0.012180048251695223,0.013938182190355131,0.013159871993200352,0.02573227963268112
2011-03-11,-0.005302122498345366,-0.002774326610624821,-0.004071316903996313,0.005953770149692671,-0.00848603042274033
2011-03-18,-0.0028719369941267226,-0.006197454364526328,-0.0056845315812766835,-0.016600155916125577,-0.011057505504898892
2011-03-25,0.021236071743666034,0.024193502149466438,0.0249546115111016,0.019075641565473745,0.025458865789041787
2011-04-01,-0.018225702578698082,-0.01998979993298976,-0.01942873568730099,-0.020075990733259552,0.005438471197116659
2011-04-08,0.012010473232028786,0.021393342693598945,0.020122335146187408,0.024254261239569544,0.021039119926681425
2011-04-15,0.00860059129413886,0.006845675618555482,-0.004723696645117965,-0.00850123646501309,0.007580236679793384
2011-04-22,-0.012652799932048403,-0.006069644516167903,-0.010342965849990223,-0.016106749090666044,-0.020225160680402383
2011-04-29,-0.04946069796406067,-0.053272526859262495,-0.041996716600446946,-0.05261454304436481,-0.014582481965835139
2011-05-06,-0.004213640289334848,-0.010174233897381356,-0.008751462958330626,-0.02047155247558039,-0.026858198495832687
2011-05-13,0.0057289726817979355,0.006177803100020447,0.007061370536916105,-0.002012499222606121,-2.3288401366864164e-05
2011-05-20,-0.006400532551685548,-0.002983889010597282,-0.01439512530900769,-0.004499199585606405,0.000422178785520374
2011-05-27,-0.07188065658202691,-0.07158598947788343,-0.05949983382234857,-0.05393628661036616,-0.03664558120673926
2011-06-03,0.009119659715174937,0.010100639097857021,0.016683893639544256,0.017489838528924846,0.005002260490079024
2011-06-10,-0.0032726351656005856,-0.006113222542419241,-0.00545690249038868,-0.006469032804077548,-0.00431309356106223
2011-06-17,-0.034039346978206084,-0.03204248358796404,-0.03174706232317512,-0.023445886134003315,-0.007725688855195392
2011-06-24,0.036323824071651356,0.04514145792236674,0.05183125816337432,0.04814268371621505,0.04146839452236191
2011-07-01,0.015060265246932424,0.02075306507861571,0.020008908157422817,0.016865334901643443,-0.0015754697358077564
2011-07-08,0.03605728101264023,0.03041125681834441,0.02767674732049577,0.0169386038496303,0.0059064750319484495
2011-07-15,0.016408006972619814,0.012645508581860011,0.019502423452105812,0.017426511869179366,-0.0020833585857249746
2011-07-22,-0.018162787468594226,-0.01749511326948383,-0.01560207058164239,-0.023354124805061018,-0.015568160335431664
2011-07-29,-0.03225841866854386,-0.03239070956681391,-0.038295076425156394,-0.031242510728973827,-0.017472608855390457
2011-08-05,-0.02305845691916292,-0.02011208922297558,-0.01762270994019551,-0.02339599676065289,-0.03234092119698992
2011-08-12,-0.02074654446460102,-0.003934933692364649,-0.014551712030596431,-0.010209409506640333,-0.009937319136705187
2011-08-19,-0.02828960056783514,-0.0299065036198305,-0.026018106393600176,-0.03471932955237698,-0.01960502155219024
2011-08-26,0.04591344697128491,0.03805080630632689,0.03205993373300883,0.029316334407256776,0.028106776320302205
2011-09-02,-0.03809341637694358,-0.04056544123192905,-0.043376916257640265,-0.036734843967834836,-0.02574257912965462
2011-09-09,-0.018534038521580663,-0.019543124547367653,-0.0233845331494703,-0.023870598910386957,-0.007018551256128632
2011-09-16,-0.002734511503825924,-0.0067217963063278255,-0.005865771087447317,-0.006296125399710745,-0.00437165666463848
2011-09-23,-0.023232410983464374,-0.023664157017735728,-0.011340187053542755,-0.021211158042549905,-0.020540047797028622
2011-09-30,-0.05179195317510104,-0.04402520984663906,-0.037951614733185486,-0.03476140158426298,-0.01451917074940995
2011-10-14,0.02938305486007056,0.027786015648264266,0.030436547542510836,0.02326835203182183,0.027164988369093562
2011-10-21,-0.06696122749908562,-0.07305328444753012,-0.07553935383510799,-0.069825584971438,-0.03142932829620034
2011-10-28,0.08420466720838801,0.08130535141324814,0.08004110240607064,0.08481147403890016,0.060475262936364856
2011-11-04,0.04101039602582922,0.0375621502792685,0.024338238004820004,0.026980208497373735,0.013720290847617573
2011-11-11,-0.02830840218174324,-0.013417168316814743,-0.01926675700202066,-0.025008464494846408,-0.01942636892211993
2011-11-18,-0.024945442762164188,-0.02500058505646901,-0.03163532684057787,-0.030424001909029476,-0.027405747411253845
2011-11-25,-0.01207998125601395,-0.021871664018560763,-0.01935241585415126,-0.011141083454527398,-0.013595381551949157
2011-12-02,-0.01780095351222685,-0.022584777082033172,-0.021999888996624924,-0.009501869322335328,0.002920628272203487
2011-12-09,-0.03343839030164879,-0.03010196665968164,-0.02518376840063173,-0.03668169409086414,-0.008667100680167917
2011-12-16,-0.067441034505391,-0.06355734538935133,-0.05743041616868137,-0.05968954681982332,-0.023562545664480707
2011-12-23,-0.03536108540560049,-0.020910841388277007,-0.02357860588654179,-0.010317056240405516,-0.0005632602420936324
2011-12-30,-0.010791549700970474,-0.006306421320652645,-0.008084430641199474,-0.008487045164495383,0.0024248298249625595
2012-01-06,-0.04766953427929205,-0.05564134232216994,-0.040283268525809955,-0.034358484792213435,5.848651743060591e-06
2012-01-13,0.0563273833442865,0.043398420225366066,0.05299261571308418,0.0484204973560235,0.031369527761019096
2012-01-20,0.039725740307339524,0.03120785672600228,0.0367149387756308,0.049193680910212284,0.0324774487386823
2012-02-03,0.012582730329298991,0.012352396650288344,-0.0018449434227706366,-0.00359861714366516,0.0009766540602817843
2012-02-10,0.03473309634167269,0.024104709300790225,0.018339271134563528,0.017727356352620776,0.0006977461268450083
2012-02-17,0.014138338761101862,0.014727442696854732,0.018109889470392014,0.0043530050730985525,-0.006670897061520816
2012-02-24,0.0636743158953648,0.05368500352145193,0.05355560669634326,0.04588006611339777,0.028708251924852733
2012-03-02,0.016132396245733663,0.008323063191134215,0.012241245299848135,0.01086982267724094,0.008045903312882432
2012-03-09,0.013956258529484102,0.0006895195383717661,0.004260080268009945,-0.003069616156688017,-0.01666403220085782
2012-03-16,-0.02053671751963805,-0.007498567583190911,-0.026992758578076374,-0.022668805614585914,-0.008856457352556137
2012-03-23,-0.034075839644449046,-0.034369197948628145,-0.028624480520783434,-0.018735330408784712,-0.02226074691913017
2012-03-30,-0.06817891652964957,-0.05554842572368427,-0.06519440530541254,-0.04319605088901541,-0.022248984795981416
2012-04-06,0.037933039738946954,0.03442621326785279,0.030619446284094236,0.02823367341848411,0.012299364931643889
2012-04-13,0.030037329339239117,0.02063880849638184,0.029840582915001506,0.025646078259466788,0.018502321692551303
2012-04-20,0.02988368207702845,0.019004875699419138,0.02014075495492526,0.01592924495712713,0.0171483786339014
2012-04-27,-0.010498098630525206,-0.006597825336202137,-0.01015710676083009,0.0020572032748617484,-0.00046593362882180417
2012-05-04,0.03417133353093902,0.03898219362309223,0.04405437597462525,0.034216665846697566,0.02237833513361057
2012-05-11,-0.018395808155680867,-0.014709237552388326,-0.026106013438401385,-0.027782391064015755,-0.027670917138924042
2012-05-18,-0.029681552897899643,-0.0222900217855978,-0.01883032823305875,-0.027456678503404133,-0.022893335803440332
2012-05-25,-0.0022932060356624824,-0.0014713730651013952,-0.0026579056044398765,0.0025429950063199083,-0.0027980870858807802
2012-06-01,0.03733716294304057,0.030246404744753385,0.02688942245951311,0.021632591987326585,0.014764684763856223
2012-06-08,-0.05506914478293283,-0.04731056068455585,-0.042508307215865904,-0.03817113601867117,-0.030259130401288067
2012-06-15,0.015398644393746256,0.02267304723794053,0.017830649173546854,0.018303260124567483,0.01654556947265432
2012-06-21,-0.025079112961091297,-0.022653943024916537,-0.02508260465889905,-0.021200318936869647,-0.015434476852509114
2012-06-29,-0.0386537273296647,-0.0317351757449311,-0.03021528853274776,-0.027681106542819814,-0.003968364371339105
2012-07-06,-0.0049827269521550135,0.0009034379226876464,0.0006791716388307612,0.005727986846420479,0.004407176064510373
2012-07-13,-0.01586522123047291,-0.012397443133875256,-0.011311089368472173,-0.0025235075711489193,-0.013831746426548257
2012-07-20,-0.016495789296523834,-0.019302065902959673,-0.012189639242938076,-0.022894108978460816,-0.007340302950636714
2012-07-27,-0.022699979406136925,-0.020012673353711572,-0.018309138119803392,-0.02692272380474566,-0.014832816059169947
2012-08-03,-0.00513229522255055,-0.007241886614913714,-0.002980464274250548,-0.003543072092642433,0.009006662236472436
2012-08-10,0.03957852228262205,0.040478533008777795,0.024747180640429012,0.025707970451265574,0.007007924554358418
2012-08-17,-0.03234469983455768,-0.034236335687168676,-0.03554882080783403,-0.03214566559907361,-0.023744821471603318
2012-08-24,-0.010957461205345307,-0.019949514663636408,-0.01532146349086078,-0.018833618194424355,-0.013263069810586043
2012-08-31,-0.04012963564768082,-0.04401587673716534,-0.03296437351717499,-0.04573132229543689,-0.014252605513572736
2012-09-07,0.06217400852449297,0.058661333999581004,0.05038843097153152,0.059352569574539514,0.03152012195223594
2012-09-14,0.011503297812190106,0.003986571832166493,0.0047683828971499575,-0.0009339333741964339,-0.0037957051921774093
2012-09-21,-0.06926862816949877,-0.06640000200054728,-0.051956382091346294,-0.05189395177730881,-0.036423464912018276
2012-09-28,0.03251287731617668,0.036167604798072316,0.03734199946300485,0.040110576490668896,0.03511577525763532
2012-10-12,0.010259790165074683,0.011104853720618304,0.007858917984232806,0.0070503149428462015,0.005820201370149495
2012-10-19,0.0073893998739444295,0.012201282187506662,0.009610639708352731,0.009902192318890292,0.01143207466703127
2012-10-26,-0.04647319808920278,-0.04430458670553978,-0.04583437679405434,-0.03289332562782258,-0.02732604799529072
2012-11-02,0.01813911818670913,0.01782487173562927,0.021446496224098006,0.030707545582972482,0.02501041972487204
2012-11-09,-0.035056210257617126,-0.03177170324159618,-0.03789755762543298,-0.035891124500302664,-0.016636017648957356
2012-11-16,-0.042758489889766466,-0.03733750267884822,-0.03197808025222057,-0.026427395146247173,-0.02270773310297255
2012-11-23,0.004186226034186774,0.004980125284380342,0.010229306669127282,0.008187467996377576,0.003878333417828027
2012-11-30,-0.06031382524206862,-0.05424287547059294,-0.04683321756256526,-0.02886755860254296,-0.006898080131369531
2012-12-07,0.04561688396040942,0.04590547622284432,0.05172677571858836,0.049995014268087126,0.03555182499494231
2012-12-14,0.04755837098867607,0.045566014204381305,0.04409090699488257,0.0427602160687732,0.044060816054148896
2012-12-21,0.017093700823101604,0.020452322379460146,0.007090913514486379,0.012115648520933851,-0.002975337162129744
2012-12-28,0.04519899887361308,0.049472153605419275,0.05073664131381068,0.044571123363152845,0.032836293335749354
2013-01-04,0.007552233567817003,0.0070810531096433555,0.008503541147063223,0.010184812832674214,0.02475321761996845
2013-01-11,0.016069636237910835,-0.010087861457809441,-0.0049441944171225854,-0.010234212095053043,-0.021412161443239507
2013-01-18,0.04984236284263444,0.05908671327116965,0.05678217372829829,0.054821679708165,0.020865776247985753
2013-01-25,-0.028747787923875022,-0.03217320008904454,-0.0161641538504448,-0.026574236761471342,-0.003482125833599142
2013-02-01,0.04999889118767871,0.04375082874484892,0.054674892110352764,0.04753737254590368,0.06277941737178111
2013-02-08,0.03659070994010072,0.035246811550445005,0.03087733213342776,0.02778138161842704,-0.00637730016605521
2013-02-22,-0.04059401632387254,-0.03421387563912335,-0.05547860358732418,-0.05409579363034171,-0.05876708818483385
2013-03-01,0.016864572862555695,0.0146236717718336,0.019477351275606316,0.02120977199328068,0.018574286000503294
2013-03-08,-0.011789051608825532,-0.01913498652634318,-0.029670017421469144,-0.021844289138485483,-0.01835498808049563
2013-03-15,-0.03079469457516099,-0.030435473935707356,-0.023182137141150794,-0.016117137978472553,-0.012315908547003346
2013-03-22,0.02175216987995437,0.023422347603930155,0.024102296060357152,0.03170021099484918,0.018399090944560798
2013-03-29,-0.03600881673778942,-0.03105386625287481,-0.04983734596634766,-0.03669201310760932,-0.042780667316570625
2013-04-03,-0.009337922112859226,-0.005139612872690013,-0.007424888116070124,-0.007455938950227355,-0.0016819024879499865
2013-04-12,-0.00583918547928252,-0.007193357743916479,-0.007490210522647787,-0.0006476161106783102,-0.010423298202432093
2013-04-19,0.012268102095583308,0.014677158286677103,0.024872962414438572,0.03182565114153546,0.01656218485032273
2013-04-26,-0.0422219641686005,-0.039887500279889805,-0.02987562643140026,-0.03176950350749088,-0.02730743541724831
2013-05-03,0.005335956770430236,0.008460681592714358,0.018622386417502503,0.018339225411581814,0.012426966386598928
2013-05-10,0.03360606565311295,0.030225800824692395,0.0297314109300252,0.023612778336357616,0.011515976690071693
2013-05-17,0.033030699748541587,0.04193647100107835,0.028202247487788986,0.02044630813453205,0.010194413739351869
2013-05-24,0.025046324803585776,0.016930043840077205,0.009294206686597023,0.014614750412157498,-0.005685438421821424
2013-05-31,0.010264741951291692,0.010207758413238382,0.0017033094479635938,-0.002364916335044347,0.0023842546771038397
2013-06-07,-0.045330444002134075,-0.052044259709684106,-0.04091287987891389,-0.04696424576984807,-0.028160331583182104
2013-06-14,-0.025309287677810394,-0.021349229750559515,-0.030858231406763963,-0.02365809262944632,-0.021523627798119522
2013-06-21,-0.045808956991037285,-0.036394665768849456,-0.041194835836219856,-0.03607354095544132,-0.03865534736189346
2013-06-28,-0.0960609432062454,-0.08075395382026829,-0.0625365528874217,-0.049429007421889645,-0.019380423759755742
2013-07-05,0.051272172773076996,0.034049056803609444,0.021106298779191415,0.02324236635131948,0.007925240559396753
2013-07-12,0.007754730944321823,0.015224743107643346,0.01894781836689705,0.02682722664272432,0.02069956733155445
2013-07-19,-0.02243743278127786,-0.03054889808149761,-0.021873915890136517,-0.028639540896487237,-0.026974311311420997
2013-07-26,0.018010974448437335,0.026131336462873835,0.016632648448687067,0.028197287183910867,0.003130507123052845
2013-08-02,0.019349559990242158,0.019879568023800715,0.006407434696981716,0.010730424867920172,0.00662667433344083
2013-08-09,0.03267639880212456,0.023374657417574343,0.031256135102764,0.026041197415783122,0.003866830470478688
2013-08-16,0.010614796667696885,-0.0003426232150009824,-0.008211679803353873,-0.0016003349620729425,0.014479611383265308
2013-08-23,0.0004289955788851561,-0.010982566573125751,-0.0021312610126980208,-0.008977908564453652,-0.012066815254181412
2013-08-30,0.024688029183315762,0.025809298662297437,0.01726246128314626,0.015796023877655455,0.0045137779998388455
2013-09-06,0.014367562906223843,0.016847710707442124,0.022177035768398155,0.009221986325471639,0.014710739263217166
2013-09-13,0.042646253171372786,0.04010002918154995,0.049914696389894445,0.023944252429154073,0.05878031752290074
2013-09-18,-0.022970443784145998,-0.014578815464733485,-0.02376193227586293,-0.02231017364553892,-0.023526571806110997
2013-09-27,-0.013715461783619862,0.005333474287251068,0.0034969927147225203,-0.010093034318660443,-0.018113761404767188
2013-09-30,0.008484042136962498,0.0042710209921430166,0.00949453319466525,0.004021004195464239,0.003599078550587434
2013-10-11,0.02476387753608945,0.035765371419717876,0.03268456590082657,0.03089984249853969,0.013331852957556168
2013-10-18,0.0009177093826795191,-0.01738022901020562,-0.01760486063562358,-0.009284853618374458,-0.014996363368924492
2013-10-25,-0.026056509661394285,-0.03651456512455242,-0.02803506830019313,-0.028813989526232566,-0.02212842257074807
2013-11-01,-0.014687507900725599,-0.006276131415765721,-0.00841848716877325,-0.0037589185109150915,0.026451303410014303
2013-11-08,-0.02244603548415723,-0.03278868684805465,-0.030308606082541927,-0.02591314832382068,-0.019882980939131288
2013-11-15,0.018124938005322378,0.019929167843406252,0.028212446319054955,0.02591732617519689,0.006518861236238134
2013-11-22,0.02693738627652674,0.026976332300957095,0.01828821822621659,0.014351026366639513,0.027322898959161894
2013-11-29,0.02192598295782732,0.022786135514342973,0.02582825218221338,0.02000601852291306,0.0021575884537389234
2013-12-06,0.004947698568967817,0.0104736869479629,0.01038662787831435,0.0024323449263404934,0.010506000650926321
2013-12-13,-0.0218228153169967,-0.01741116003132767,-0.01437332297008271,-0.005505055785562872,-0.027127882469919283
2013-12-20,-0.054609204044581104,-0.042979681062856406,-0.05199534017327325,-0.05332156837580289,-0.05020753113929274
2013-12-27,-0.010865737500912152,0.006772266450506588,0.019425411844771697,0.008006412718121074,0.009626937690396261
2014-01-03,-0.010881865085142068,-0.00261619596056127,0.006118468142454814,0.005242594147686227,-0.013329321651463338
2014-01-10,-0.07387862728524167,-0.05612746407482279,-0.04274428693850961,-0.04795492058186403,-0.02300653223048856
2014-01-17,-0.005452401285487487,-0.012466272649986739,-0.0049463434581636205,-0.014489679306810613,-0.00529419575494948
2014-01-24,0.0567480568173885,0.04983871685872427,0.04339869871068982,0.027689685616441688,0.010815869323275452
2014-01-30,-0.020792137491402646,-0.019989944583203665,-0.020255213670756687,-0.017046687162690567,-0.01570763886739096
2014-02-07,0.009555691208451475,0.01032105303962357,0.009220895470968682,0.013254913837740722,-0.0014562114232125624
2014-02-14,0.05602752639249214,0.04787535485708292,0.037111194852287865,0.03589682539131637,0.027867310311853143
2014-02-21,-0.0037150291603433427,-0.006795616172880544,-0.016377610869547875,-0.009603149570076377,-0.000924905125679778
2014-02-28,-0.047232984299049006,-0.03996349160281384,-0.04671573682047371,-0.03728776864133103,-0.02235280759795775
2014-03-07,0.0029840857784306073,-0.0017091850906473755,-0.0005367216548338539,-0.00220664062130141,-0.0059165748012584484
2014-03-14,-0.02700156187112545,-0.01959991130268959,-0.019720325997677448,-0.02428060835475895,-0.023006484765571367
2014-03-21,0.040892881950750845,0.021874777271796108,0.009881075132846919,0.008837891544681155,0.02058289497801416
2014-03-28,-0.01584941403629856,-0.008480581664631826,-0.01461141294174167,-0.014009671078852237,0.003630605141903935
2014-04-04,0.009188327803190609,0.02271409416515253,0.015785878677300774,0.01250249017385402,0.009745245316782654
2014-04-11,0.026156670218057922,0.024997838220385864,0.025611605170470345,0.0328687693797952,0.04074554854581887
2014-04-18,-0.005005239869282293,-0.010352936657469598,-0.005309486904248581,-0.007378143299909509,-0.025890985620237443
2014-04-25,-0.03974977271964192,-0.044851737586381286,-0.038493593059718646,-0.03479132505902941,-0.014981853380972878
2014-04-30,-0.011903023703976464,-0.007684067271363032,-0.00700518879769974,-0.0051050708232814835,-0.0015597865087620046
2014-05-09,0.004121475404231882,-0.005391314472541656,-0.005858899740613972,-0.013695360482827927,-0.008424237943249379
2014-05-16,0.012564039430264283,0.0017483343843127134,0.008788998638676262,0.00677243760163339,0.009475390452815065
2014-05-23,-0.00029907307823819507,0.006826072518336207,0.003909136012196871,0.003648689138429642,0.002900327951179692
2014-05-30,-0.0069957380464864384,0.005494206709387017,0.0058624818988342025,0.0031356415288068774,0.0025820642047545772
2014-06-06,-0.014172985737123889,-0.014266715209151,-0.00901856220391079,-0.008098729629982773,0.0009491675721238584
2014-06-13,0.014838449722895032,0.016855642939632338,0.012139966903439273,0.015611058941630916,0.02380524300915429
2014-06-20,-0.027058452416418757,-0.021477674867907127,-0.01414207653429662,-0.01932541847408018,-0.012261570980659043
2014-06-27,0.03002462866592951,0.01657486005153676,0.023782566967769873,0.014500905161455977,0.0011906087114630774
2014-07-04,0.016971065672564636,0.020893935111873985,0.02290595989322489,0.013173454273402893,0.009088716777344043
2014-07-11,-0.005652188199007248,-0.004977992248631463,-0.014881123367874586,-0.016179791340334263,-0.005610544004976432
2014-07-18,0.022985891332926365,0.005587665443532354,0.001414253203394032,0.008347547493694978,0.011423664417457298
2014-07-25,0.04451814995566352,0.03188269363337767,0.032212871466898656,0.029581417591435608,0.042448201533229576
2014-08-01,0.032267259935311376,0.02943897181368627,0.02984394210274018,0.03459782065987587,0.030621193847793587
2014-08-08,0.029987404508336264,0.016600115398691082,0.007297280401099401,0.011615735837217736,-0.0074304005387416956
2014-08-15,0.023598941564893724,0.020105773218800894,0.019831715250428615,0.01258591095885491,0.008244611369707767
2014-08-22,0.022417248923660066,0.02682652471032214,0.01575218052543638,0.004395761563847671,-0.0052575361427645685
2014-08-29,-0.02397978986045116,-0.01184625380102191,-0.015902683530065687,-0.012577931743030608,-0.0058242039666064295
2014-09-05,0.05847122001617016,0.0426605383992369,0.04442062621196821,0.051701951439750635,0.04292076982920706
2014-09-12,0.020502020460857716,0.008530918583208669,0.008397167845288891,0.006435517053605813,-0.012923843094302358
2014-09-19,0.012842206425734325,-0.0054266340723512305,-0.008724098135065998,-0.0020076299522733686,-0.004844629154180366
2014-09-26,0.01588505744952773,0.009645929171182644,0.01625184921079059,0.019382038389852554,-0.004882105123451355
2014-09-30,0.015885712080476413,0.008800671568883058,0.011605525954240647,0.014579057681246009,0.0002415482667905853
2014-10-10,0.010945251362544022,0.008045717749941145,0.011036544384603629,0.007835968026723263,0.00046990981459112406
2014-10-17,-0.020045614493769986,-0.020631348462616005,-0.011608909174429355,-0.004593428572059135,-0.009546652527876372
2014-10-24,-0.032078611286933956,-0.023328974437307366,-0.024157930564681004,-0.029019806690672254,-0.011889659419634824
2014-10-31,0.05790491506237806,0.04197152892142356,0.05728896190998557,0.052757384177458296,0.04614583767707104
2014-11-07,-0.0027011939824310265,0.0030183143215119423,-0.00019497939514860163,0.0045671589890002385,-0.009753471894127962
2014-11-14,0.01339834883731137,0.009143551533196225,0.01645407127075663,0.012998951894030582,0.04599497611463332
2014-11-21,0.011611047749464845,0.020711521499893273,0.013677582506091671,0.010131903181121987,-0.013505618238901269
2014-11-28,0.049711662250587846,0.0493967733400307,0.060780255173881866,0.0625019392123222,0.10594308315477875
2014-12-05,0.046284586064582044,0.04024543066752785,0.07572024004592741,0.08225596416545419,0.15260659838887547
2014-12-12,0.04107508459446741,0.05796707349780623,0.05446958729806776,0.038526550837238195,-0.0317703679064463
2014-12-19,-0.0030663730481940077,0.0015261994877229675,0.029533593116330123,0.05673855111668399,0.0825917715370863
2014-12-26,-0.01206538748006721,-0.008090326806507233,0.0013121766585617567,0.005727536588091909,0.034983945208552816
2014-12-31,-0.01534979747089851,-0.016289565347286632,-0.009669404983352484,0.015624558086431489,0.05130352671883192
2015-01-09,0.033186278197131935,0.036713472467188736,0.02078997119913495,0.02833610911422167,0.013563254983855367
2015-01-16,0.023790035664918028,0.023708039132389058,0.022006083652895234,0.014139843889091213,0.03914478345904105
2015-01-23,0.018725572614880948,0.009425060202122387,0.00918277247826907,-0.0033909294413475987,-0.02362349871817049
2015-01-30,0.00010531150978180273,0.002563563614679891,-0.022870864319608337,-0.03163203243086295,-0.06646084036687759
2015-02-06,-0.02389087925814438,-0.03326178536662049,-0.03655581531043552,-0.04103128193134606,-0.04909725838549066
2015-02-13,0.04920872952036222,0.04606288089167841,0.061662114434418845,0.04752053449893699,0.04140735725452764
2015-02-17,0.02242849884614492,0.02626653805993934,0.02571298170943382,0.025785359794916477,0.004955203762091862
2015-02-27,0.019115398640033206,0.02002613044745307,0.01848510755688825,0.025729167129651585,0.014311714887596905
2015-03-06,0.027852802432912174,0.002379105710299411,-0.00279221011515991,-0.019308787193595797,-0.04888381292707682
2015-03-13,0.026901230804457738,0.033809858116577086,0.031439618052125695,0.03216153153426818,0.04604496973258359
2015-03-20,0.07529001706048236,0.06471567221432034,0.0724012652485867,0.07617655745020302,0.06573675501485166
2015-03-27,0.040155510222274524,0.038477923190699766,0.0378485662978828,0.03123280510297343,0.006646188585225478
2015-04-03,0.06435758187428756,0.05939765770251272,0.06328651130817539,0.05583389776577355,0.032222156875629786
2015-04-10,0.016249734656684695,0.00907443233662769,0.01926189454388466,0.034756130545792525,0.054006658997178214
2015-04-17,0.019397479678363864,0.00457266989722203,0.046588129560240873,0.04626989224082619,0.08617738612896053
2015-04-24,0.05661577326856577,0.061000502379693775,0.06313946873659135,0.05804094323709264,-0.004512511094959397
2015-04-30,-0.001341473952551927,-0.003719081450949154,-0.005518577760759668,-0.009836047309408458,0.019478162107688688
2015-05-08,-0.017069337140840114,-0.023087247173204036,-0.036409381595315884,-0.0408872447611468,-0.058418565916367224
2015-05-15,0.0336498603065569,0.07868646556027697,0.050932933366671596,0.017311669897720233,-0.010915905573773123
2015-05-22,0.09710959571666665,0.09258273767218753,0.09444540660885653,0.07680868761084919,0.054501741129429855
2015-05-29,0.007750914575400286,0.004399156779506058,0.0016945690698950686,-0.012344335032440047,-0.0424560397286985
2015-06-05,0.11518693809542871,0.11581346362146487,0.09937714543845527,0.07622026016823052,0.07204229279162327
2015-06-12,0.051745389719620866,0.0357099026572943,0.03150152572460393,0.034887315055235,0.009693147504367746
2015-06-19,-0.13384302496359174,-0.12668521288241377,-0.13361227279921858,-0.12490785733122509,-0.12876926536860817
2015-06-26,-0.09020039957019263,-0.08053286795198938,-0.07745551235769975,-0.05930640463226185,-0.04544594119145103
2015-07-03,-0.16181203783715703,-0.14623139266607615,-0.14366829240603107,-0.1339632773962007,-0.039884137702397564
2015-07-10,-0.03992486066160623,-0.015106231412300676,0.0033719096646635856,0.021163939725247077,0.1428008384155306
2015-07-17,0.1325699742239224,0.08403196672637775,0.08144319185770653,0.03070673717260717,-0.03799087338187486
2015-07-24,0.07393647137327543,0.03707628832288245,0.029813361357221364,0.037610019746572416,-0.014255031095849722
2015-07-31,-0.07588970035990233,-0.07498209319818748,-0.08083174934958569,-0.07863685373048973,-0.10420147717433623
2015-08-07,0.06149987099206776,0.034677599406318704,0.034636612862034205,0.027639420651703134,0.004067486637239713
2015-08-14,0.06361775879993439,0.0568074339046089,0.0620236687515437,0.05259030001110341,0.029411478744155492
2015-08-21,-0.11478228906322052,-0.12074357549561064,-0.1248610625349947,-0.12571137900900947,-0.1069248484563553
2015-08-28,-0.09369243909648418,-0.09284927776022481,-0.08686425985305127,-0.09367395824424218,-0.058413694763263045
2015-09-02,-0.031104159891167202,-0.012248182209015933,-0.016528249942908538,-0.006164226546082119,0.04528206427902887
2015-09-11,0.043498451076747734,0.002349437157645378,0.00765424118608614,0.007931405463975985,-0.035024652374715026
2015-09-18,-0.0710380130742124,-0.06591177183027125,-0.05421474967488775,-0.046042660452163216,-0.007938649660125944
2015-09-25,0.006016393696060301,-0.0027673899300960304,-0.0012197999649029474,-0.000115376087219037,-0.01002875859064502
2015-09-30,-0.007606944996893201,-0.002306406237790829,0.0003345308976434178,-0.005408978124530914,-0.018693026244708574
2015-10-09,0.06766263493218064,0.06656410379251862,0.04961571778104679,0.04763942422161299,0.031562407783151246
2015-10-16,0.08823075845368387,0.0711695436846878,0.07871727594790905,0.08057817513636485,0.03784722370637077
2015-10-23,0.024764837214477923,0.01119851782391264,0.00843866712493423,0.003073755326959609,0.007853908845543966
2015-10-30,-0.013990724702939768,-0.00856177361545892,-0.0028874868751587097,-0.014398249002928283,-0.01366522775714401
2015-11-06,0.06395859814254135,0.06803810880487365,0.07356691825372964,0.07443828994625062,0.06358554547485958
2015-11-13,0.006968873139453757,-0.005894119866283893,-0.010414588780870976,0.0013476274635973928,-0.01670882668260611
2015-11-20,0.02828463228105447,0.02468459640542924,0.013053208431822772,0.0028794512183547647,0.002852491163148229
2015-11-27,-0.05326839692698421,-0.0629272608101222,-0.06414774895858666,-0.06723499657180793,-0.05216036135175815
2015-12-04,0.02319000434073833,0.03141183520562437,0.020157306664108313,0.019977451246386915,0.03768244525284879
2015-12-11,-0.02712921613116328,-0.022860753222100454,-0.017444964958136473,-0.01522019566703887,-0.02619112373257364
2015-12-18,0.07290345712283233,0.049071478894716344,0.04144557626516689,0.047501163857192594,0.029860231932294614
2015-12-25,0.019743941326348404,0.009812034426570335,0.009825508134352049,0.00844337941108218,0.013453206504857214
2015-12-31,-0.02109612892522851,-0.02317407056473737,-0.027963512498592313,-0.028855205007028248,-0.02566023751417297
2016-01-08,-0.1106055447699725,-0.12991251763279385,-0.12300094475423037,-0.10646800793807097,-0.07001086460542251
2016-01-15,-0.09803170405463803,-0.08588958444533809,-0.08543724011035363,-0.08553819539381825,-0.06286457608435495
2016-01-22,0.01089918023509681,0.0063409351622723395,-0.0033155201800563823,0.005209264691187491,-0.0046984683850539045
2016-01-29,-0.07933656976002798,-0.07211971473725032,-0.06790713437058933,-0.06658132181294842,-0.042130075470418034
2016-02-05,0.021138541635834434,0.028302275968354253,0.020813961820315734,0.0034438469450590184,-0.008274215487991454
2016-02-19,0.06182485395372166,0.04478191287271054,0.04926460186962905,0.03693022886081652,0.01447280940835985
2016-02-26,-0.03187921095028937,-0.05589326228761276,-0.04443521221950421,-0.04330759319215707,-0.01810776496624142
2016-03-04,0.010298451763538255,0.027018395431008733,0.017395571990979575,0.043007632609090636,0.07096962584722637
2016-03-11,-0.01789578114978105,-0.027259902239187516,-0.030615858808013933,-0.0308475650607913,-0.0191733188521627
2016-03-18,0.08019411169706914,0.07943812771743175,0.07710740610010133,0.06060103715685179,0.028176676713269382
2016-03-25,0.020925814988153518,0.0104968884189601,0.007525230200346948,0.009398329801745946,-0.0012549968549395141
2016-04-01,0.013230245947206778,0.016093352473972415,-0.00028333766839686036,0.011872083032364675,0.009033607568145235
2016-04-08,-0.0017925840719753923,-0.003398822085346215,-0.0009826261308528387,-0.012448424403484537,-0.016701783111141393
2016-04-15,0.042088204148491695,0.04228111018058382,0.027601755929655133,0.02510716769051846,0.02270660013864732
2016-04-22,-0.05477324319861496,-0.05616821369745446,-0.048609017437228876,-0.04631703391072102,-0.017167847427035345
2016-04-29,9.250712764013177e-05,-0.009993676320090801,-0.00442434046725505,-0.004226450290046249,-0.008011149597545087
2016-05-06,-0.003923108871333094,-0.003142786783269423,0.0013451426903194558,-0.008478975931404089,-0.011186679443575653
2016-05-13,-0.0334446554071299,-0.030175657569421123,-0.029885481190826534,-0.02037590181214931,-0.013348744636249637
2016-05-20,-0.0036315572489033407,0.000627182054144357,0.0016964963840674404,0.00010278396183318265,0.0019279890638337802
2016-05-27,0.004180227631823475,-0.00650800263518597,-0.007138212764434574,-0.00919031959433467,-0.0017162080266558545
2016-06-03,0.04489971289041689,0.04886768881618854,0.04985005183737535,0.05043798462815423,0.03295814700303715
2016-06-08,-0.008744767479112405,-0.01030288487900118,0.00028064038694115064,-0.006503457626605797,-0.004850016555339078
2016-06-17,-0.019762896133073592,-0.023950263750104273,-0.008740096419041611,-0.024847489122551105,-0.01265405500441813
2016-06-24,-0.014040501648490548,-0.003932889473622222,-0.009121670545941485,-0.013154522749390643,-0.004393180185300449
2016-07-01,0.03222742074803929,0.031678393843338405,0.022124907564078377,0.027682922485206773,0.02365464189925316
2016-07-08,0.037551232761143825,0.023738572104911686,0.027074265928003004,0.03435124885409914,0.009519691193177802
2016-07-15,0.03433380490758691,0.03540355866568598,0.03255359272011027,0.034609052048575464,0.024398966442281483
2016-07-22,-0.009306379359473153,-0.012505361322468607,-0.0051343361953212225,-0.022525918463463176,-0.015213365845523498
2016-07-29,-0.02807790321842565,-0.008367892945780823,-0.020509832886585748,-0.005221452773827955,0.0005283127205073722
2016-08-05,0.0016282289414748527,0.004160102918465929,-0.004882890546082021,-0.009536804010132639,0.0016448012358450546
2016-08-12,0.015497024420132453,0.025770060330241647,0.02551647873078495,0.01674690136398121,0.03432434021162658
2016-08-19,0.031144131719596527,0.03717461106475375,0.024732320675702957,0.02688678084284068,0.010464803338321855
2016-08-26,-0.020521658761758398,-0.0163424497359145,-0.015205131297787257,-0.02148457563526255,-0.011732850315064526
2016-09-02,-0.006715755034797109,-0.0027180517231230393,-0.0012470718562334236,0.0008507874635411779,0.00428442340037686
2016-09-09,0.009442737314943432,0.005536903536157284,0.0017617247063603453,0.00027934382873340453,-0.0032373616119628565
2016-09-14,-0.02876360552767242,-0.028331255235035786,-0.02149239661278372,-0.023703876838709455,-0.02410280002139855
2016-09-23,0.006781542684896404,0.01722998336355906,0.011113311091304446,0.0036952407364933874,0.012008068395300109
2016-09-30,-0.014356392682171563,-0.006226342685241705,-0.008943262492817032,-0.008828182287816701,-0.004598025028459829
2016-10-14,0.030055671001729355,0.025969630974257415,0.01507543849373434,0.015560414772026902,0.013776411954537535
2016-10-21,0.003681612261647353,0.0026581381203109873,0.0014615684850614909,0.007096066484619071,0.011270638783239178
2016-10-28,-0.0006659950752665072,-0.001263227000108239,0.008775505340601916,0.001555582593677993,0.003312173509676368
2016-11-04,-0.004115022547548269,0.0031621135275653007,0.004936791788324741,0.0011641161609599307,0.0017997096623114926
2016-11-11,0.026808426569427238,0.022468315253886456,0.0196541635031837,0.022723284684111604,0.016497006119777537
2016-11-18,0.005401156986712956,-7.051765647287967e-05,-0.0028002144104285103,-0.0062895781831736955,5.8541779597668804e-05
2016-11-25,0.021945134181241683,0.01386461833273805,0.012610303329223003,0.018825402186081298,0.038886389103586355
2016-12-02,-0.005530161011174696,-0.0026366973492042193,-0.009148104601529062,-0.005555399842199185,0.0116914475247742
2016-12-09,-0.0030136743663636365,-0.014277918265396032,-0.014331344386664313,-0.020302082233292284,-0.004206235347357372
2016-12-16,-0.02668905882266907,-0.032893003403297726,-0.036597744619044664,-0.03634491742459762,-0.04088344226734173
2016-12-23,-0.0030743614735690727,-0.013892991435226416,0.0004144868542213542,-0.00757356955513224,-0.0033279242129032015
2016-12-30,-0.0046567827836202355,-0.011794086673795405,-0.0014590859510659458,-0.0019551770524215382,-0.0008687641821963463
2017-01-06,0.010391072468165148,0.01366367811663106,0.011434823965649482,0.008951787720153903,0.019687146396940528
2017-01-13,-0.029867282890203593,-0.022624450833440723,-0.01493743387881407,-0.012006189876051154,0.00025920998427703893
2017-01-20,-0.009251017908179011,-0.004108858452970736,0.009736626874507872,0.01129432198436085,0.011996816024088298
2017-01-26,0.010723871152039415,0.01717156691071619,0.013677133007015238,0.006413936979924766,0.011608856129699446
2017-02-03,-0.0028194750045139674,-0.006564644791750714,-0.003987126272850858,-0.0020699662529868744,-0.009307146641969175
2017-02-10,0.020021154376258034,0.01799390191824631,0.01937967942818766,0.015566317115387024,0.011293462874051786
2017-02-17,-0.0027469090677697946,-0.0037486129879455653,0.0011377557028981464,0.004156369231150631,0.0021361817094242993
2017-02-24,0.03168256502179638,0.022604646818114454,0.013629787361149106,0.016542411772605407,0.009783250880264365
2017-03-03,-0.010510423695717192,-0.00819362728973592,-0.001601237696755953,-0.012830274869438647,-0.017485690720369953
2017-03-10,-0.002822678607640647,-0.005465668881020052,0.00031371302789581215,-0.0004024146045984474,-0.002392157902136628
2017-03-17,0.0019718978424677195,0.0032848081532768202,0.00972243390547714,0.008808088692784228,0.0038133045935278363
2017-03-24,0.002387002664817235,-0.00017536637995840972,0.017652800626095224,0.013714680099326474,0.013028957418001886
2017-03-31,-0.02555121930648076,-0.016571028349778614,-0.015665404761669673,-0.008954798009947652,0.0002529858696350805
2017-04-07,0.02814078396359864,0.024003987993208912,0.0309956621929251,0.023998089532964676,0.012879291011522303
2017-04-14,-0.014969321292238822,-0.0005403254806732063,0.0025313353696513933,-0.002811236607987294,-0.010103141219952056
2017-04-21,-0.024447572714910465,-0.02922856702267819,-0.021084626874455344,-0.01145820986275249,-0.001601492028184495
2017-04-28,-0.019735988315911213,-0.011165823053241201,-0.012538395735410978,-0.010273574209580819,-0.00039936431873893806
2017-05-05,-0.03696161344796935,-0.026849413209946115,-0.02593065805777839,-0.015390694532374986,-0.011050654364241045
2017-05-12,-0.03680707240580427,-0.03500444840536828,-0.01652958184056225,-0.015300581094025972,0.021789824160585433
2017-05-19,0.02472047594899013,0.012387577086022629,0.01274045685633889,0.008660323255175444,-0.0049635218201553545
2017-05-26,-0.021303365471896818,-0.011710097042205415,0.0007775784475954656,0.011457406800787839,0.03980036934530273
2017-06-02,-0.011093578295148274,-0.0029220560097479725,-0.006142835315290575,0.00907993944568751,0.006783893360486077
2017-06-09,0.026566913086198615,0.02753783662286186,0.02596077993418203,0.029561147605693942,0.011362540590750507
2017-06-16,0.01102014561384458,0.005060609835882584,-0.0006758570040654548,-0.008299341851795318,-0.020686367577506935
2017-06-23,0.007946130723076067,0.01768942009609863,0.014927587020091091,0.020745805639213574,0.028392956814871223
2017-06-30,0.013509121331088189,0.018224972850237806,0.014888025717128828,0.011037574648092078,0.009488791011923606
2017-07-07,0.008117072288432111,0.007757384189116783,0.010985951337467957,0.00279605775556614,-0.0023665744446899795
2017-07-14,-0.017254635077466135,-0.011661490347614533,-0.002513609121250658,-0.00046217558207406364,0.03313522633325313
2017-07-21,-0.017464764413082853,0.0028806902851169465,0.007610067864555422,0.013929150324364651,0.012475708867564078
2017-07-28,0.02344541209382566,0.007056997998902588,0.005637446513997841,-0.012499861846687152,0.00219699650849967
2017-08-04,0.0010307161419363352,0.015023943832244913,-0.0040187541681964934,0.0002674275525675917,-0.0031487322930299684
2017-08-11,-0.009440694293311081,-0.017384408205416646,-0.016452748420942544,-0.0051837194638912135,-0.018736228683755386
2017-08-18,0.04171684327677005,0.029433169437147168,0.021816521811518136,0.02125150337632549,0.012671921504252425
2017-08-25,-0.002526197758397074,0.0010871301552396943,-0.0036359524454395733,0.005237773455605919,0.03613131659411614
2017-09-01,0.014067084140947745,0.03076777930747772,0.01741393468738441,0.021869462937562104,-0.00656856506950409
2017-09-08,0.004135895506098126,-0.003819287008872474,-0.0034073670281447466,0.0044567854046805916,0.00018481174817502535
2017-09-15,0.006484962958390116,0.006309973149130878,0.0053385694479105945,-9.20445387459038e-06,-0.005803572194755143
2017-09-22,-0.006441862797438271,-0.008037968992787733,-0.003731155864825057,0.00033272859809518223,0.009020079947195636
2017-09-29,-0.009168596499275079,-0.0030192721125747246,-0.00298781424291702,0.005075010422080844,-0.0001509917338435016
2017-10-13,0.019558568325136458,0.013369374876129372,0.02037377731451045,0.011563015686330001,0.017014543333880347
2017-10-20,-0.014279005459693132,-0.029505071838120723,-0.007639676218985569,0.0018518552920449073,0.0125838423993234
2017-10-27,0.00018088254862286068,0.0031856562556299116,0.016883067874968908,0.015007291434367853,0.018351467162806438
2017-11-03,-0.02696614402353955,-0.02878570274477269,-0.01715009728454606,-0.0028286865121440294,0.0010058438815651518
2017-11-10,0.014360053496631272,0.026499863408882097,0.03375987290991733,0.0270852069872684,0.013875060512337938
2017-11-17,-0.03984746313747119,-0.03071008727091962,-0.023632165317774737,-0.007136349024237729,0.008760835484469801
2017-11-24,-0.005226068570965758,-0.004322378517444489,-0.011514989130572171,-0.005937935522704782,0.0012637770714127796
2017-12-01,0.003000990128962754,-0.005894806075697057,-0.008289247656004972,-0.01947114986511038,-0.028322193993396173
2017-12-08,-0.006070572894103172,-0.018907050632666032,-0.007624946084595842,0.0013218880611410978,0.0005677969042873394
2017-12-15,-0.00021979779219362616,0.002009809266253271,-0.0034011213060981854,-0.012365719738486141,-0.009703346324043485
2017-12-22,-0.008066204197286595,-0.00032279967433160176,0.0050849545827581265,0.004587657352295826,0.024727501272318573
2017-12-29,0.010574788472087473,0.005398197464387018,-0.0044562621836721945,-0.0004019057945455806,0.0002614105550051557
2018-01-05,0.028123013471736714,0.030782770739306273,0.021708726378574225,0.026940789209260553,0.027499344102809093
2018-01-12,-0.009150006638106964,-0.0009157092201963761,-0.004194825845788113,0.007473343143655664,0.030528868774875012
2018-01-19,0.0024351555613178746,0.0008012134624290423,-0.0039513745388722625,0.013210950394450076,0.03431110517127454
2018-01-26,0.02164692513421019,0.021932181954455746,0.01404383496256669,0.03125994262033751,0.025751438238724212
2018-02-02,-0.07065822260187513,-0.045031319637387254,-0.041574997559367825,-0.02986151827983311,-0.004138314664237576
2018-02-09,-0.08247397635842338,-0.0826312017466014,-0.0854810598972154,-0.09554019097419732,-0.10883422852850835
2018-02-14,0.02595115585259802,0.027886718857133282,0.030996513270158035,0.030403542587151285,0.022491862511018753
2018-02-23,0.019543657203311842,0.019045628626571214,0.02269446947122291,0.025180700977141934,0.03073623509289316
2018-03-02,0.038790126949300875,0.017557632478080846,0.014001629015162737,-0.006949399751026698,-0.03054799469856884
2018-03-09,0.020091865001370397,0.024956004571086706,0.030733274450613083,0.02957980830280321,0.009799996774946787
2018-03-16,-0.013676095038187073,-0.011674214670218199,-0.015084461526530124,-0.01592203841833506,-0.011986397404076784
2018-03-23,-0.055945130766131564,-0.05133419710735947,-0.038424980472777405,-0.04105897895909402,-0.024402432748638358
2018-03-30,0.05148842343804144,0.04209239723184691,0.03136656722059978,0.0124343543784778,-0.024997590547072002
2018-04-04,-0.010820754962209963,-0.010803451943875823,-0.014638693750334013,-0.015766912598492864,-0.013826626027733635
2018-04-13,-0.0023178143810956738,0.0039012433363281003,0.007196095490708706,-0.0006864645004670838,0.01067613111953179
2018-04-20,-0.029824284474698745,-0.02990539405226546,-0.028455486104830747,-0.031481001310734565,-0.023977515097301838
2018-04-27,-0.003378192552648396,-0.008714435722835335,0.0018808075750316963,0.014541594190036774,0.00427960852881615
2018-05-04,0.0019535867433517384,0.006326647718861315,0.006631616059044025,0.010127424277606028,0.00123968746123417
2018-05-11,0.01252540122192554,0.018595017297323234,0.01677612114989507,0.01743308050026118,0.03157530217310749
2018-05-18,0.01128984138618639,0.00452802687486481,0.005290846721425545,0.011070592096398438,0.011138902443806145
2018-05-25,-0.014952117431649124,-0.01226288378439407,-0.018029586800888394,-0.013216062826305228,-0.02868506588558299
2018-06-01,-0.03142106951581739,-0.025300881827476623,-0.02686376067826369,-0.0331952531843546,-0.004212463334756394
2018-06-08,-0.02662974363169984,-0.006452950021562854,-0.007811587210812981,-0.000822346768691329,0.006105643539675816
2018-06-15,-0.03197273743323935,-0.027812076023752096,-0.01893821629847387,-0.010274219794997874,0.005638564927370189
2018-06-22,-0.061476866389057076,-0.05703033047298849,-0.04655752767427113,-0.042496008726498384,-0.026876500943008568
2018-06-29,0.013560465408953566,-0.010559926898926094,-0.004963407249074731,-0.016425535668563807,-0.030563363021993258
2018-07-06,-0.042563031878753564,-0.04448751793322822,-0.04775471661942474,-0.043015906588989315,-0.03085431352173812
2018-07-13,0.020623162476005263,0.037425069425395724,0.045467684646611856,0.04228539817789254,0.03760444007528324
2018-07-20,-0.002242807041493556,0.0012061182512935827,0.007395128778521124,-0.006146340907217032,0.0033113100726588278
2018-07-27,0.036942551129536684,0.02264037323958557,-0.0003742489538268556,0.006878470822555918,0.012544774218775154
2018-08-03,-0.06907010388277823,-0.05739263824432524,-0.060009740710801694,-0.0603453988963652,-0.041488653399604634
2018-08-10,0.017438560633855564,0.024737136913997027,0.013551614391083976,0.012967359451797908,0.02947562141105679
2018-08-17,-0.0475856622592226,-0.04650470112818744,-0.047504641596227415,-0.045965635247767235,-0.046012905623276035
2018-08-24,0.0038201809408243484,0.022817294349787142,0.018579066284921487,0.020164367238147584,0.03294631905696065
2018-08-31,0.004046355392455249,-0.0024698345091615616,-0.0007121858135229384,0.011801557212758024,0.0025055771329812854
2018-09-07,-0.0047714572953210235,-0.008777830646498643,-0.017796871551192577,-0.012918682260870644,-0.013669113815908818
2018-09-14,-0.0056947670855548435,-0.008952515654999814,-0.022954923725728212,-0.019983357666726865,0.0014651610440783855
2018-09-21,0.028578147728474057,0.037595385846798855,0.031067768448526364,0.04624501782524835,0.05876930862270771
2018-09-28,-0.004547520422124968,0.0038822452137309694,0.006413106324180967,0.007153054710964675,0.01263134293508402
2018-10-12,-0.1242840221007168,-0.10516952767561463,-0.09777556759803452,-0.07757441149046196,-0.05971232468027613
2018-10-19,-0.015064155798706394,-0.02227169252742324,-0.03162308694029953,-0.027359140173527745,-0.007728683864760562
2018-10-26,0.06281569515654652,0.04292281297903511,0.020492635695462665,0.01308741853172008,0.006319929407415321
2018-11-02,0.05937091346282123,0.05203735589293102,0.054050244599389397,0.042390759756424916,0.017810177346266647
2018-11-09,-0.015557685456391634,-0.01775307255779484,-0.02503876060940473,-0.031500460895395634,-0.04303887147733404
2018-11-16,0.07703129830744003,0.06174685775873529,0.052429618687555773,0.031349719470764335,0.006256593140054679
2018-11-23,-0.05062088735218955,-0.06016349885713588,-0.051878786153085714,-0.0375325110389748,-0.023694674401060885
2018-11-30,0.005479203894006461,0.012090448844290714,0.002221117411865304,0.004858321648223537,0.00715707924297939
2018-12-07,0.00713083163389942,0.014294790541397404,0.006211096389258382,0.009849753472483003,0.0011306941648034905
2018-12-14,-0.012612858818356899,-0.016879033093805465,-0.01927463877265441,-0.003141975590304358,0.0014001912085735673
2018-12-21,-0.02698862272666054,-0.029549722533589905,-0.03006072584787871,-0.0380859537590702,-0.03928390648222901
2018-12-28,-0.027044262330175407,-0.016407024799371856,-0.005617634677487585,-0.0027056958384926383,-0.004136144075899881
2019-01-04,0.027899098466795173,0.006062354100882779,0.004230108247286453,0.006429102602148272,0.005291655774398216
2019-01-11,0.019539202264544416,0.015423145702019091,0.01527742023338595,0.018228837661835962,0.013334785923834427
2019-01-18,0.014708462233096456,0.01325642071968284,0.01677375033603432,0.01761747054258028,0.02389805069397013
2019-01-25,-0.0022314813155289385,-0.006388640803111873,-0.00031440542547585834,-0.00029646485473899527,0.008915518056716483
2019-02-01,-0.00952532338636785,0.0010173502818253653,0.0083227114541999,0.01824007433916529,0.023511688289262526
2019-02-15,0.07350578768447817,0.059293055436775315,0.051248847575035485,0.03720206715094201,0.008300003741315691
2019-02-22,0.07937437808320529,0.058929932468013375,0.059374182565215164,0.07085033306832852,0.034946062874116945
2019-03-01,0.08174162999923477,0.05788424818560927,0.05434528170636217,0.05543025220500589,0.0674167750614535
2019-03-08,0.03653875474314594,0.004519420157096047,-0.0017670810924046813,-0.0050336859161308825,-0.03980656012814851
2019-03-15,0.031009980138986648,0.018700033314862023,0.016025958620290385,0.021954008284325352,0.015879522457119363
2019-03-22,0.052150062063729796,0.03429822517239845,0.026231503933874713,0.029738368700440377,0.012602524445775053
2019-03-29,-0.01766179208067123,-0.010651716831485584,0.006854565279675725,0.002728341284226674,0.00996498923385732
2019-04-04,0.05790317462458503,0.06088627352787949,0.05921882899489818,0.05413045606983014,0.03840187367557279
2019-04-12,-0.02954029618175626,-0.03464560054907328,-0.025743742292716046,-0.02540497449491383,-0.012146583333189754
2019-04-19,0.011498642485938725,0.01826490062448901,0.01207515216834364,0.019358874690315105,0.03842763183161844
2019-04-26,-0.06254428061367534,-0.07338457481792107,-0.05358517373993434,-0.05719194723822256,-0.04812349289475951
2019-04-30,-0.020232994357192766,-0.014878253081056992,-0.00615448312868396,0.0032634284655014456,0.010270928673148078
2019-05-10,-0.04540131870738993,-0.05461401537789645,-0.04014698853138677,-0.04924938188898732,-0.045657667747441795
2019-05-17,-0.038692377052993374,-0.023904755677925667,-0.0239420210375864,-0.023115149226126685,-0.015331165307225532
2019-05-24,-0.0166148952780864,-0.015647615406914495,-0.013415537224158981,-0.01753959594237134,-0.0068401666265302695
2019-05-31,0.009531289257284182,0.017480784109417533,0.01815481435841101,0.013866523769467969,0.010022942259480005
2019-06-06,-0.03601502478483453,-0.033412451891066265,-0.032542010121687094,-0.020532739875016384,-0.00646884961865555
2019-06-14,0.01704496684264588,0.02517255062529713,0.021970535580564443,0.023214539673372996,0.020215076845232514
2019-06-21,0.05001673852264719,0.04211133063387975,0.0440956071932019,0.05453822616896166,0.0416954954315406
2019-06-28,-0.012089170845199415,-0.011064798908798825,0.0010205431833632931,0.0017060275506166837,-0.0007929403729971017
2019-07-05,0.030023771928351914,0.011068304198752118,0.019572822175941605,0.0100145539186206,0.018291286882138193
2019-07-12,-0.029637263945324,-0.029143894131611968,-0.02738229522541682,-0.023646505150757325,-0.01380700453078033
2019-07-19,-0.001403660352705031,0.005346025649593418,0.004587562259163092,0.012799157114801682,-0.0036165662483718603
2019-07-26,0.008463270661634107,0.006792526253911055,0.010650028032851196,0.01583177223901185,0.013762671618842533
2019-08-02,-0.015639890377304136,-0.020174806866149725,-0.035069522781941045,-0.027883748498937,-0.02664156539165211
2019-08-09,-0.048238502629403206,-0.04161532430252129,-0.037817040770497655,-0.0319119730049748,-0.024390784925064704
2019-08-16,0.01845787521890297,0.031701733748511624,0.024218039953970854,0.01985749997147071,0.01817017405170269
2019-08-23,0.02231643320333432,0.024919565860559177,0.03356230642907637,0.030324508023301295,0.0240241666869999
2019-08-30,-0.006427964544314461,-0.009157176405061971,0.0005848579685701666,-0.0026036072309603762,-0.0036286567279337715
2019-09-06,0.056495262243014266,0.059005499739695544,0.05054637193606859,0.03952852407545474,0.03065637270536307
2019-09-12,0.024784138545302776,0.010127365754459532,0.01449484030445095,0.011988703281736896,0.0015559784545124153
2019-09-20,-0.016388511562101818,-0.003647612814754662,-0.01032910557515089,-0.011524619899092047,-0.005837554117942489
2019-09-27,-0.03781707506167668,-0.03181410255228783,-0.03690242243215013,-0.026642601120007093,-0.014023127587110858
2019-09-30,-0.005512809662118861,-0.00798676384535656,-0.011491117019320827,-0.009329244177477408,-0.008334813907569755
2019-10-11,0.016298207578214173,0.014345000970510245,0.02014747556044559,0.024369569449683114,0.02634092468594839
2019-10-18,-0.01328185923061756,-0.017519867639381993,-0.025113979011469525,-0.005269284678006778,-0.006389176501945084
2019-10-25,0.0024459522689737946,0.0080304543638321,0.0036864761569249125,0.0072579868033796156,0.011763580945572151
2019-11-01,0.007130976566961242,-0.0071955564678204235,0.012136508850422152,0.004106033764313242,0.011111618774329075
2019-11-08,0.005404550220097499,0.008734838687921758,0.016616437679578867,0.0047728607317043805,0.001475600457467851
2019-11-15,-0.02907229000135967,-0.03192333557768044,-0.030104429931981317,-0.02698580764712333,-0.020833270258693883
2019-11-22,0.020595704658555928,0.00256045643796155,0.006010937581172102,0.0008899698684047183,-0.012023812996040072
2019-11-29,0.006868321699186254,0.01040800820032155,-0.003403672244106063,-0.006562958113585321,-0.006440731296804265
2019-12-06,0.007901328846133168,0.018114590029864843,0.02495797791568015,0.014760232583819151,0.013668611132753933
2019-12-13,0.00935440695488131,0.02179270871998431,0.01898374573337286,0.017751250177320713,0.01803170269072403
2019-12-20,0.026436186492223415,0.026951460917057822,0.030663356407186204,0.010223302230798894,0.008800254195305036
2019-12-27,0.003344911615524712,0.012842654316452984,0.0012168251408952258,-0.0006948039551181985,-0.0017220640082399332
2020-01-03,0.03933555805280885,0.03587046698606082,0.04425852551982584,0.04413089769779344,0.01905532239443406
2020-01-10,0.002985049908963635,0.0001939690386689037,0.007228464398937156,0.009828711808417174,5.8118698685071836e-05
2020-01-17,-0.001721160814429995,0.005205670591336329,0.0007969938080546088,-0.002672353875152478,-0.007789797371054789
2020-01-23,-0.04030326327533896,-0.04928696909002289,-0.02020167429117597,-0.02003067373313277,-0.03436568188067161
2020-02-07,-0.053805373669631014,-0.030988172795655442,-0.020628156775235447,-0.024734967151769715,-0.030391330977420274
2020-02-14,0.020317085090595613,0.023516211936655294,0.04066378354799864,0.027355549243077724,0.013221700079308611
2020-02-21,0.07215095065802572,0.05286984100326173,0.047469169791212185,0.05137650914689076,0.02963643200104127
2020-02-28,-0.04722200245113138,-0.05827368566002415,-0.05271896584785434,-0.05553870516666184,-0.04827928478144796
2020-03-06,0.06016843824951298,0.05798852108804883,0.0513158284735072,0.05280708528507597,0.04314502002919328
2020-03-13,-0.05430738130311758,-0.03763782216197751,-0.06330705593387671,-0.05966887655987426,-0.051800528495491396
2020-03-20,-0.04769624928349553,-0.054434337778719304,-0.05080261921779805,-0.061497722948336095,-0.05868135156895605
2020-03-27,-0.001589841760774841,-0.01010651609454818,0.006307196243715786,0.009449236773194654,0.022724551336653
2020-04-03,-0.009373170112164259,-0.019142826305792063,-0.008985565321857477,0.0015264170496970563,0.004567375024920126
2020-04-10,0.015150376675175905,0.0147195425383467,0.017389599935950278,0.012133706979703916,0.009675461706139827
2020-04-17,0.00615525625550071,0.007612458164433863,0.02254986961292447,0.024822749580175066,0.017826498713238405
2020-04-24,-0.013822849872657438,-0.01929647309664466,-0.014576330628137563,-0.01846359996518405,-0.008245211023110693
2020-04-30,0.009004718501714071,0.022227893168048282,0.03608609176500581,0.02936666444097923,0.02687196682412167
2020-05-08,0.017907743077700797,0.023379220113600056,0.018227516328360414,0.016082534750265734,0.006611324288822714
2020-05-15,-0.010714491442860893,-0.015487159134063913,-0.0035928536320372646,-0.009547203100456137,-0.014489839247838908
2020-05-22,-0.01711090281603375,-0.02798547871060377,-0.024608070616991766,-0.034019725190993985,-0.015559103559537699
2020-05-29,0.014379200775659757,0.008248327121863835,0.012747370447095525,0.008571691071002158,0.01244909240643266
2020-06-05,0.014726976053284999,0.03695283216227526,0.025371231383948586,0.03719701786682655,0.03303673253779307
2020-06-12,-0.0010486801602922022,0.002462602648954825,0.004498276649177719,0.0026223685285631467,-0.0005071464726128383
2020-06-19,0.019107122875238546,0.02473586738889951,0.023193161344838807,0.031993746516255854,0.018139601536244408
2020-06-24,-0.00554690471084054,0.006075155805736913,0.009805976843280582,0.026119301275573104,0.007464228029495982
2020-07-03,0.0793559742122976,0.07010940743998695,0.07685969351935736,0.058457911690123036,0.0689201298827798
2020-07-10,0.0948558010871786,0.10360847906088391,0.09616984428312356,0.09451591044647763,0.059283109621140036
2020-07-17,-0.05281402165903833,-0.04022120586380872,-0.03605183846730579,-0.06097059176785273,-0.03663999718386684
2020-07-24,0.010195649798138827,-0.008144429813029597,-0.0006010174459843789,-0.0077542472056396005,-0.010230845438975908
2020-07-31,0.02376323928553651,0.053577897303171515,0.03915241141498692,0.051302340502258084,0.032533939186002815
2020-08-07,0.01869043442930661,0.028307814678576224,0.022873236948899988,0.008012506769087475,-0.005157399561400715
2020-08-14,0.010155204510114037,-0.009564123387917714,-0.0034109612253342765,-0.007120673521007916,0.011606466538374428
2020-08-21,0.010260767746479153,0.00793680871694654,0.006963096616094939,-0.0007547318894678063,0.005220688989616682
2020-08-28,-0.012602891237112114,0.0034602991387763732,0.017586706145411482,0.01947965641140518,0.02838036888086037
2020-09-04,-0.0094538399310778,-0.01176652460342892,-0.00903694540190713,-0.02047337952120584,-0.017507607492707036
2020-09-11,-0.032704429523164956,-0.04307549901525612,-0.04329243851120307,-0.03854863817059778,-0.017181155317167445
2020-09-18,0.03950321925299394,0.037007053559819654,0.031587940336735496,0.02108759575508915,0.016453338928263995
2020-09-25,-0.04493415155733715,-0.03852874995995485,-0.03933869266021828,-0.03531151228404063,-0.030807298664662405
2020-09-30,-0.0060795387364087575,-0.004511729123729996,-0.003214004263831436,0.0015428171241048088,0.008339340939204071
2020-10-09,0.02050260934683111,0.021706473222315954,0.018904255506426472,0.0255336189141281,0.013229897230919272
2020-10-16,0.010202082331652231,0.01581076550153339,0.011233580104503408,0.015574672353287349,0.030285289751777827
2020-10-23,-0.011408289693073009,-0.020949244316870983,-0.015131312366928601,-0.03007612056559762,-0.007011785790170087
2020-10-30,-0.02645092349240067,-0.02893437982247273,-0.003979632487459779,0.006245812533307218,-0.0076174482326332935
2020-11-06,0.03977220629215831,0.03385319650698717,0.03377319474378353,0.03953877204208632,0.03289927807852898
2020-11-13,0.00526264194681016,0.0046567765845623955,0.0029901512201215,-0.0015947486778673792,-0.008807266874551682
2020-11-20,0.028422623465418906,0.01341739374931643,0.03013034342247948,0.00849392559426528,0.016938621058474983
2020-11-27,0.00989115303470942,0.006077417407314525,-0.007922090519051567,-0.0003112809492993984,0.017512781560865207
2020-12-04,0.00592074974604416,0.019689102066648298,0.02143452772070838,0.020623323881291313,0.008981605410349012
2020-12-11,-0.043288575452480736,-0.05350195601587186,-0.04279816415115715,-0.03135056469752164,-0.024472543245331574
2020-12-18,0.0034604231238750576,0.016936246744168982,0.019948665683064835,0.019120447318234327,0.017681649592020822
2020-12-25,-0.022128560309969833,-0.009430140079295421,0.01378251989878886,0.008722245134061534,0.007883667926197116
2020-12-31,0.023053579873087815,0.02936503576982104,0.027199154570166955,0.023645396586454304,0.0319747371618636
