,600000.SH,600010.SH,600015.SH,600016.SH,600018.SH,600028.SH,600030.SH,600036.SH,600048.SH,600050.SH,600089.SH,600104.SH,600109.SH,600111.SH,600150.SH,600256.SH,600406.SH,600518.SH,600519.SH,600583.SH,600585.SH,600637.SH,600690.SH,600837.SH,600887.SH,600893.SH,600958.SH,600999.SH,601006.SH,601088.SH,601166.SH,601169.SH,601186.SH,601288.SH,601318.SH,601328.SH,601390.SH,601398.SH,601601.SH,601628.SH,601668.SH,601688.SH,601766.SH,601800.SH,601818.SH,601857.SH,601901.SH,601988.SH,601989.SH,601998.SH
1,浦发银行,包钢股份,华夏银行,民生银行,上港集团,中国石化,中信证券,招商银行,保利发展,中国联通,特变电工,上汽集团,国金证券,北方稀土,中国船舶,广汇能源,国电南瑞,ST康美,贵州茅台,海油工程,海螺水泥,东方明珠,海尔智家,海通证券,伊利股份,航发动力,东方证券,招商证券,大秦铁路,中国神华,兴业银行,北京银行,中国铁建,农业银行,中国平安,交通银行,中国中铁,工商银行,中国太保,中国人寿,中国建筑,华泰证券,中国中车,中国交建,光大银行,中国石油,方正证券,中国银行,中国重工,中信银行
2015-04-22,9.732850950839435,4.988635341517314,8.783624236449844,6.61811127562596,8.194216723154257,4.539476670521515,30.325271533165918,14.101573915161705,10.335183278855924,7.302435898830175,14.958797240164156,18.923961453917308,25.80814517390505,19.429021483803545,55.02530794650567,9.385778868451856,14.936567990627779,16.38702461722515,213.96327498714984,13.733941896295619,18.987401491350496,41.135926502011664,12.488250279003994,25.61313621306946,15.609605389435776,50.951080853126456,28.85614283875927,25.48648239878988,8.712026905182674,13.60529487447984,15.020362312967519,5.025977057352755,19.73532973788002,2.641498573230303,37.06938399212908,4.6330928848146,15.916652662265285,3.7176314431257835,28.5912564583957,35.33122939678472,5.245434368880267,27.102938486107476,25.33382502981392,18.43746017848273,3.750680048813173,11.105661649329548,16.05916517151809,3.201272917206195,14.176996604206701,6.018861750692764
2015-04-23,9.585542936448352,5.136812628889116,8.757310203386782,6.508519736563158,8.226604931546172,4.618689015107797,29.539476554252577,13.917740251954818,10.166115558078053,8.033593435634195,15.194432829498625,18.756552028458024,25.183831002878996,21.37127621394052,54.0349316335736,9.17922563631163,14.747188191973603,15.973981804955365,207.598457416764,13.549298631364628,18.876881110143568,45.24758577011184,12.208051360075702,25.418198379548414,15.544224843302013,49.99320827347216,27.986879232866347,25.83477034153862,8.580406354816605,13.7390793046265,14.621270560690604,4.949151985679624,19.35433881629932,2.6218834848152266,36.24251170465622,4.561413529353333,15.720886346098386,3.690692084842264,28.049021846613613,34.50094550596029,5.168457344599006,26.742794371489857,25.84452011468459,18.283956809744208,3.689081288887409,11.206469470654778,15.805650724366014,3.1617510293394515,14.087583170823478,5.915975225039897
2015-04-24,9.30144890869412,5.052139893248086,8.483644259530946,6.350220846805775,8.526195859171377,4.740554160625154,28.384839034216643,13.557732661507993,9.75447241183628,8.298638042725655,14.706910920530758,18.194056358914835,24.309792627111648,22.03811700462088,54.104257975478845,9.080080084884322,14.551699367556388,16.207440785803506,209.58492914255322,13.056916591548653,18.221126848315784,49.7716998864227,11.936473946345206,24.44350921194319,15.73219391343658,52.48948226893487,26.861949860534324,24.796735688640425,8.386109351895264,13.26792544193609,14.033517252791876,4.823805816107672,19.97239075575245,2.563038219569997,34.913756735234664,4.437603733556599,16.410324242164425,3.5896694912790634,26.9413139968302,33.379178972612365,5.135467191335608,25.511604026169152,28.431483741324545,18.804162670469204,3.5658837690358816,11.189668167100573,15.240118496103689,3.0695332909837174,13.988234911508785,5.798390624293762
2015-04-27,9.559237933878517,5.045083831944667,8.725733363711107,6.49025448005269,8.623360484347119,5.2158282281428425,28.665480098114266,14.124553123062567,10.320481737918717,9.13032974084023,14.771913841726473,18.38155491542923,24.47307452148577,21.714407882931383,59.075947066397816,9.261846929167723,15.095402660466766,16.61599400228775,207.39575622025487,13.8042821876979,18.54531996652278,46.749179201878846,12.057175019114315,24.629971487485058,15.809833311970422,54.01820820414072,27.475547699988155,25.110877754649092,8.975268005914812,14.216049881671111,14.243947449446976,5.216018024123133,21.970476477820096,2.615345122010201,35.51025664410812,4.574446139437199,18.05305898217362,3.704161763984024,27.7314272882841,33.917980220913336,5.542345748250849,25.64561113858501,28.766365764190557,19.80193456726961,3.6959255955458277,12.30695485345521,15.386376830999117,3.168338010650575,15.230088152942448,5.960069450319697
2015-04-28,9.62763094056009,4.755785318504484,8.962559661278659,6.6363765321364285,8.12134325427245,5.282854058177388,28.47304051144161,14.063275235326936,10.06320477151761,9.633000547392996,13.943126596481093,18.11369983469438,23.896785482518286,20.594374321885727,57.689420228292924,8.691760008460697,14.160721718721959,16.30621189308541,200.9903984105672,12.599704697433818,17.933773857177766,42.37973565364699,11.884744915158443,24.392655864068136,15.045698179032074,50.29314817215179,28.089145539441983,26.155741582895295,8.843647455548743,13.89613059218997,14.46163385977984,5.216018024123133,22.93565347915786,2.6872671128654817,35.40741183223338,4.652641799940399,19.159564247464793,3.7984495179763442,27.917336298037963,34.96908429546768,5.668808002427208,25.64561113858501,26.54777236270322,19.281728706544612,3.9423206352488824,12.038133996587929,15.249869051763385,3.3330125434286715,15.091000589901878,6.0703050135191985
2015-04-29,9.748633952381338,4.8969065445728654,8.852040722413802,6.5328734119104475,8.210410827350215,5.063496796246147,28.529168724221133,14.15519206693038,10.291078656044306,9.10291133321008,14.130009994918776,18.28780563717203,24.002438472995657,21.520182409917687,56.27318210080007,8.85700259417288,14.0385412034612,17.935935163236845,202.52281945617602,12.573327088157962,17.734837171005292,45.58270533428302,11.975270719735276,24.65539816142259,15.045698179032074,51.947655355191024,27.76530223528579,25.60257837970613,8.661885743138457,13.704179018501284,14.338278227257884,5.216018024123133,21.945077083048055,2.6284218476202517,36.03682208090675,4.587478749521066,18.504172667253865,3.724366282696664,27.584249322228963,34.13880040464324,5.448873647337888,25.653986583111003,27.644510987589413,18.326596634393795,3.8807218753231187,11.517293586407572,15.25961960742308,3.273729711628557,14.445236904356372,5.952720412773064
2015-04-30,9.506627928738842,4.77695350241474,8.525746712431843,6.4659008047054005,8.137537358468409,4.947724908004658,27.550934158635137,13.956038931789584,11.004103391498804,8.700774687967867,14.292517297908066,18.08021794960252,23.915995117150533,20.918083443575227,56.48116112651581,8.741332784174352,14.30733833703487,17.235558220692425,204.50929118196524,12.38868382322697,17.513796408591435,45.58270533428302,11.686450295609191,24.248571378422145,14.89859195023111,51.996032758203874,27.671558120924793,25.261119612305407,8.755900421971363,13.209758298394066,14.084310748536211,5.2524088475472475,21.394756862987048,2.589191670790099,36.47288408325563,4.509283089017866,18.138174771811403,3.6435482078461034,26.972298831789175,33.617664771040666,5.993211176183954,24.802542523301188,26.539400312131566,18.411876283692976,3.7985901954221,11.24847272954029,14.713588490480145,3.1880989545839467,14.465106556219313,5.820437736933663
2015-05-04,9.369841915375693,4.875738360662608,8.509958292594007,6.593757600278671,8.056566837488623,4.9720979371081295,27.06181687584214,13.910080515987863,10.643915638537253,9.084632394789978,14.601281173587717,18.17396722785972,23.570221693770044,20.697961240826366,60.87843195593418,8.93136175774336,14.557808393319425,17.235558220692425,206.73089629570504,12.53815694245682,18.14744659417783,45.58270533428302,11.587302985834565,24.07906021883863,15.070215883832237,53.205467833524956,27.288059471266152,24.63283548028808,8.824844519782161,13.378443014665939,13.873880551881111,5.486927487391544,21.310092213746895,2.5826533079850735,37.2174805212287,4.574446139437199,18.189244245594075,3.630078528704343,27.925082506777702,34.99558271751527,6.592532293802349,24.410878618024206,25.065919411521108,18.667715231590517,3.7575243554715914,11.340879899088419,14.489325710307153,3.181511973272823,15.915591142213831,5.842484849573563
2015-05-05,8.985788877856082,4.593495908525844,7.973152018107557,6.453723967031756,7.959402212312881,4.825859762487302,26.516571380269617,13.366239262334153,9.901487821208342,8.179824942995001,13.683114911698228,17.256563576342852,23.061166376015436,20.264191017762442,57.17442454556825,8.815691947744833,13.56203719394424,16.85394257892143,195.36341319547446,12.995368836571656,17.167499214143056,41.0263681829557,11.074323426565847,23.5281489501922,14.579861787829017,50.41892941998518,26.1801744833634,23.410413092993494,8.078994734374437,12.59318657684859,13.126490543071615,5.171540351049214,20.49731158104141,2.4649627774946143,35.4403221720333,4.3594080730534,18.24882529834052,3.461707539432342,27.00328366674815,34.12113478994485,5.938227587411625,23.61052194202341,26.59800466613312,17.081513754625767,3.5727280756943,10.929247962010395,13.992047371662695,3.0234244218058506,15.915591142213831,5.5191271975216925
2015-05-06,8.97526687682815,4.593495908525844,7.846844659404863,6.593757600278671,7.603131920001826,4.722274388797549,26.68495601860819,13.435176886036736,10.033801689643198,8.225522289045253,13.203718367879823,16.982012118589626,24.002438472995657,20.063491362314956,53.16340047819338,8.906575369886532,13.11607831324247,16.705785917998572,196.7661054753175,12.38868382322697,16.835938070522268,40.981255933932665,11.03121590057688,24.028206870963576,14.690191459429743,50.14801596311326,25.74554268041694,23.103100202332843,7.746809535831499,12.110399285449777,13.111978115716092,5.329233919220378,19.32047295660326,2.4322709634694872,36.43585995098072,4.333342852885666,17.184877927868243,3.4549726998614623,28.219438438887984,36.17917890230756,5.762280103340169,23.670122971087302,24.65568893351024,16.151965577264704,3.538506542402209,10.593221890926293,14.040800149961171,2.9707285713168594,14.693607552643105,5.408891634322192
2015-05-07,8.980527877342118,4.2124685981412116,7.899472725530985,6.545050249584092,7.303540992376621,4.563849699624987,26.58873622527186,13.550072925541041,10.195518639952464,7.8142461745929905,13.081837890637857,16.982012118589626,24.08888182884078,20.24476847046107,49.63766080415522,8.245605027037811,12.773972870512345,15.695626866251816,198.59041624389943,11.333579452192737,16.81383399428088,40.4012413036364,11.09587718956033,24.367229190130608,14.816866267563906,49.790023180818224,25.788153641490123,23.669921756218038,7.759344826342555,11.854463853864862,13.119234329393851,5.4464932391425265,17.39011895392774,2.386502423834308,35.810563494782336,4.294245022634066,15.465538977185041,3.4212985020070623,26.79413603077506,34.0063082944053,5.1849524212307045,23.908527087342854,24.65568893351024,14.5401802055102,3.476907782476445,10.223593212733782,14.050550705620868,2.9180327208278687,13.243122966648587,5.3574483714957575
2015-05-08,9.001571879397986,4.268917088568564,7.925786758594047,6.459812385868578,7.384511513356405,4.618689015107797,26.71702928305363,13.557732661507993,10.239623262764084,7.951338212743743,13.333724210271255,16.968619364552886,24.319397444427775,20.536106679981618,50.78649732715642,8.43563400060682,13.122187339005508,15.965002613384286,206.08225246687587,11.632525690652436,17.005402655039557,40.67835940477794,11.44504815007097,23.612904529983958,14.976231348764951,51.115564023370126,25.702931719343756,23.669921756218038,7.784415407364662,12.075498999324562,13.148259184104901,5.4464932391425265,18.719353946998165,2.419194237859436,35.7488566076575,4.333342852885666,16.589067400403763,3.4684423790032226,26.677942899678893,33.86498337681816,5.371896623056626,23.789325029215078,24.65568893351024,15.657343611329459,3.511129315768536,10.425208855384243,14.187058484856601,2.957554608694612,13.64051600390736,5.416240671868825
2015-05-11,9.085747887621462,4.332421640299336,8.115247796648088,6.4659008047054005,7.570743711609912,4.710087874245814,27.230201514180713,13.718587116814021,10.430743294947764,8.17068547378495,13.772493928342337,17.343616477581676,24.962920204608128,21.43322183129495,52.133409112744026,8.567828069176562,13.77585309565057,16.45885814979381,208.73358411721497,11.896301783410994,17.78641334890186,42.69552139680829,11.630410511823532,23.951926849150993,15.049784463165434,52.40240294351175,26.810816707246506,23.669921756218038,7.953641829263894,12.395418288805702,13.561863363737341,5.515231461165855,19.811527922196156,2.4453476890795383,36.49756683810556,4.398505903304999,17.048692664447792,3.5021165768576226,27.491294817352035,34.70410007499179,5.531349030496383,24.623739436109524,24.65568893351024,16.024046103315932,3.709614208862664,10.635225149811806,14.401570709369896,3.003663477872479,13.978300085577317,5.548523347708226
2015-05-12,9.069964886079559,4.311253456389079,8.141561829711149,6.453723967031756,7.797461170353311,4.728367646073417,27.58300742308058,13.611350813276669,10.246974033232686,8.42659061166636,14.016254882826273,17.216385314232625,26.99914147562657,21.11143096667587,54.7083875263674,8.543041681319735,13.665890631915886,16.517222895005844,206.28495366338498,12.124907730468411,17.75694124724668,43.12731006602884,11.518330944252217,24.290949168318026,14.943541075698072,57.64651343010396,27.092049050329507,23.669921756218038,8.097797670141018,12.343067859617879,13.641681714192723,5.47884063774174,19.684530948335926,2.4518860518845633,36.59218406503032,4.405022208346932,16.886972664136003,3.495381737286743,27.545518278530245,34.56277515740466,5.685303079058906,24.972831177769443,24.65568893351024,16.305468946003227,3.709614208862664,10.660427105143114,14.713588490480145,3.0168374404947267,15.021456808381592,5.717551211280795
2015-05-13,8.980527877342118,4.339477701602756,8.015254471008454,6.338044009132131,7.732684753569483,4.594315986004326,26.75712086361043,13.435176886036736,10.49690022916519,8.042732904844248,13.821246119239126,16.827995447167087,26.51890060982033,21.803768887522978,52.74744242676191,8.4191097420356,13.53149206512905,16.984140856702123,207.8903471397371,11.799583882732856,17.32222774783276,43.410872774173676,11.664896532614707,23.629855645942307,15.233667249166642,55.94362884405188,26.359140519870767,23.669921756218038,7.890965376708623,12.127849428512384,13.329664526048955,5.381798441944101,19.557533974475696,2.4322709634694872,35.79822211735737,4.418054818430799,17.09976213823046,3.4751772185741023,27.07299954540585,33.93564583561173,5.470867082846819,24.249104396279364,24.65568893351024,15.776735120348311,3.6343268356200635,10.442010158938448,14.245561818814771,3.003663477872479,14.435302078424904,5.59996661053466
2015-05-14,8.938439873230378,4.77695350241474,7.994203244558006,6.386751359826709,7.562646659511933,4.636968786935401,26.53260801249234,13.396878206201967,10.048503230580403,8.097569720104548,14.056881708573597,16.466391088175037,27.30649562974256,23.988046271603995,51.38072311491566,8.468682517749254,13.788071147176645,16.66088996014316,203.84443125741538,11.82596149200871,17.1011869854189,41.935057770419846,11.557127717642286,23.519673392213022,15.041611894898717,55.60498702296197,26.146085714504853,23.669921756218038,7.809485988386771,12.290717430430055,13.097465688360566,5.40605899089351,19.00721375441469,2.4257326006644613,35.50614285163313,4.398505903304999,16.648648453150212,3.4549726998614623,26.987791249268664,33.90914741356414,5.366398264179393,23.900012654619445,24.65568893351024,15.503840242590934,3.6206382223032274,10.475612766046858,14.138305706558125,2.997076496561355,14.06771351896054,5.585268535441394
2015-05-15,8.827958862437066,4.8969065445728654,7.799479399891353,6.1980103758852145,7.356913944225705,4.454171068659366,25.642574924131306,13.144106919292497,9.438389281686348,7.786827766962839,13.423103226915364,16.252107023587154,26.691787321510578,23.666255406984913,51.84619998199373,8.26212928560903,13.244367854266267,15.857252314531296,198.78500939254815,11.421504816445589,17.07908290917751,41.34215392611701,11.164849231142679,22.47717976077439,14.60437949262918,57.462679298655154,25.336477454114384,23.669921756218038,7.715471309553864,11.84864713951066,12.988622483194135,5.292843095796264,19.176543052895,2.393040786639334,34.72452228138515,4.313793937759866,17.116785296158017,3.4212985020070623,25.911068234444226,32.619557540581496,5.228939292248569,23.074112680448412,24.65568893351024,15.555008032170441,3.5316622357437906,10.173189302071167,14.040800149961171,2.924619702138993,14.236605559795517,5.401542596775558
2015-05-18,8.617518841878375,4.642888337649778,7.657383621350822,6.070153580311945,7.192329739656898,4.338399180417878,24.840743312995244,12.906655104316933,9.122306151536415,7.521783159871381,13.536858339007868,15.950770057760447,25.644862234052983,22.515609285013667,51.42033816743294,8.16298373418172,13.14662344205766,15.803377165104804,195.51746610482138,11.465467498572014,17.005402655039557,43.40442816717038,11.134673962950401,21.773708448502795,14.322425887427327,59.629986953630535,25.805198025919395,22.106040601522732,7.608921340209904,11.522911135675315,12.879779278027703,5.094715279376083,18.32143009556944,2.360348972614206,33.90176378638728,4.255147192382466,16.350743189417976,3.367419785440022,25.21390944786725,31.444794163138408,5.069486884808812,23.25291576764008,24.65568893351024,15.282113154413068,3.470063475818027,9.904368445203884,13.485018477358542,2.85216290771663,13.918691129988499,5.328052221309224
2015-05-19,8.964744875800214,4.727561073290807,8.004728857783231,6.252806145416616,7.570873410165155,4.478544097762837,26.468461483601452,13.504114509739319,9.467792363560761,7.768548828542738,14.520027522093073,16.52665848134038,27.24886672584581,23.05192739271213,53.678396160918055,8.369536966321947,13.824725301754873,17.029036814557532,202.7336287005455,11.852339101284569,17.35169984948794,44.02955504648969,11.557127717642286,23.409491138483737,14.698364027696462,59.35907349675861,28.387422266954264,23.54699659995378,7.859627150430987,11.883547425635875,13.474788799604195,5.264539122021952,18.956414964870596,2.419194237859436,35.14824290630905,4.372440683137266,16.76781055864311,3.461707539432342,26.065992409239104,32.584226311184715,5.322411393161529,25.577355901131746,24.65568893351024,16.80861887686839,3.579572382352718,10.240394516287987,14.265062930134164,2.9377936647612404,14.35582347097315,5.489731047335159
2015-05-20,9.022615881453854,4.755785318504484,8.094196570197639,6.295425077274373,7.686082353363321,4.454171068659366,25.987362516919813,13.818163684384418,9.423687740749143,7.731990951702538,14.390021679701642,16.801209939093603,26.7013921388267,23.07142986935571,55.44126599793713,8.377799095607555,13.76974406988753,16.786598642138312,205.90387541394787,11.940264465537421,17.27065156993619,44.39045303867403,11.88905566775734,23.019615471441647,14.976231348764951,62.02950614306755,29.060675451910548,23.014320922808658,7.878430086197569,11.889364139990079,13.496557440637483,5.264539122021952,18.778619201466274,2.4126558750544103,35.201722208483915,4.372440683137266,16.648648453150212,3.4684423790032226,25.90332202570448,32.31924209070883,5.305916316529831,25.87536104645119,24.65568893351024,16.569835858830686,3.5590394623774637,10.223593212733782,14.021299038641782,2.924619702138993,15.031391634313064,5.452985859601992
2015-05-21,9.112052890191299,4.727561073290807,8.131036216485924,6.319778752621663,8.138688915927544,4.460264325935234,25.90717935580621,13.910080515987863,9.497195445435173,7.914780335903543,14.698785555381292,16.928441102442658,27.08558483147169,22.964166247816017,57.20413583495621,8.43563400060682,14.2157029505893,18.4657074659307,209.66600962115683,12.212833094721265,17.49169233235005,45.48603622923364,12.570154578383033,23.019615471441647,15.49110314956833,63.577583039478526,30.492403743969483,22.663325506366103,7.903500667219677,11.999881712719926,13.52558229534853,5.244321997897444,18.76168627161824,2.406117512249385,35.62544283340782,4.378956988179199,16.563532663512433,3.5021165768576226,25.965291695622437,32.3899045495024,5.311414675407064,25.883875479174602,24.65568893351024,16.54425196404093,3.5727280756943,10.265596471619295,13.94329459336422,2.924619702138993,15.319501586325673,5.452985859601992
2015-05-22,9.343536912805858,4.85457017675235,8.515221099206618,6.471989223542224,8.146918126155983,4.655248558763003,26.55666296082642,14.32370625820336,9.75447241183628,8.243801227465353,15.02380016135987,17.269956330379593,28.71840377521289,23.773519028524607,58.808545461906164,8.980934533457013,14.84493260418221,18.730593617277624,223.66860827600576,12.696422598111955,17.977982009660536,45.53114847825669,12.923636291492569,23.807842363505003,16.218461725306437,65.45462627637686,33.543348556809356,23.117555534735423,8.24195351101814,12.424501860576715,14.178641526347116,5.414145840543314,19.43900346553948,2.4780395031046654,36.84312540600467,4.4897341738920655,17.06571582237535,3.5896694912790634,26.73991256959685,33.246686862374425,5.657811284672741,27.01629503138849,24.65568893351024,17.36293659731306,3.7027699022042455,10.6184238462576,14.333316819752028,3.010250459183603,15.389045367845958,5.629362760721194
2015-05-25,9.543454932336614,4.995691402820733,8.678368104197597,6.563315506094559,8.731192052375249,4.813673247935567,27.454714365298813,14.722012528484951,10.055854001049006,8.45400901929651,15.324438671890059,17.665042574463502,29.208249458335253,24.23182722964875,64.69138076072264,9.336206092738204,15.730741339822712,19.65096075331356,232.56313677882522,13.162427028652077,18.405327483660667,46.98118505399735,12.923636291492569,24.45198476992237,17.840716526250418,70.45684974790483,34.39556777827301,23.4823160120623,8.580406354816605,12.790954864891477,14.628526774368368,5.547578859765069,21.022232406330367,2.5434231311549205,37.674111485952515,4.580962444479133,18.376498982797195,3.663752726558744,27.561010696009728,34.26245970753199,5.932729228534391,28.327517670794048,24.65568893351024,18.232789020164695,3.784901582105264,10.904046006679087,14.68433682350106,3.0761202722948413,16.9289433872237,5.7469473614673285
2015-05-26,9.674979945185795,5.01685958673099,8.65731687774715,6.569403924931382,8.665358370547727,4.838046277039038,27.57498910696922,14.706693056551044,10.18816786948386,8.353474857985956,15.714456199064355,17.70522083657373,29.457974708554495,24.485359426015293,68.62317472306296,9.336206092738204,16.103391911368025,20.194201843364034,231.51719860483828,13.162427028652077,18.847409008488384,48.5150015207808,13.548695418332603,24.536740349714126,18.045030732918423,77.14260684427977,34.9068993111512,23.50984510469074,8.636815162116347,12.913105866329733,14.57047706494627,5.5354485852903625,20.852903107850057,2.549961493959946,38.32820448947583,4.593995054562999,18.146686350775184,3.663752726558744,27.85536662812001,34.209462863436805,5.976716099552254,28.344546536240873,24.65568893351024,18.241316985094617,3.7985901954221,10.962850569118805,15.13286238384704,3.082707253605965,18.61786379557348,5.791041586747129
2015-05-27,9.506627928738842,5.038027770641247,8.557323552107517,6.508519736563158,8.426711273922956,4.935538393452923,27.20614656584663,14.607116488980648,9.908838591676945,8.1249881277347,15.02380016135987,17.303438215471452,29.04496756396113,25.47023449651611,65.93925491501705,9.336206092738204,15.718523288296636,19.915846904660484,224.5118452534836,13.347070293583066,19.414746965350623,47.94787610449112,13.350400798783351,24.333326958213906,17.808026253183534,75.43004677762511,34.02911351304364,23.730077845718288,8.561603419050023,13.151591154852039,14.324024256901211,5.486927487391544,20.040122475144578,2.5303464055448694,37.46019427725307,4.574446139437199,17.42320213885403,3.616608849562583,27.491294817352035,33.79432091802459,5.740286667831236,28.344546536240873,24.65568893351024,17.516439966051582,3.7575243554715914,11.214870122431881,15.025606271590393,3.062946309672594,18.6774727511623,5.7542963990139615
2015-05-28,8.964744875800214,4.586439847222424,7.946837985044495,6.118860931006524,7.677853143134881,4.472450840486969,24.640285410211227,13.726246852780976,9.070850758256194,8.207243350625152,13.756243198043409,16.17844687638507,26.269175359601093,22.92516129452886,59.34334867088948,9.336206092738204,14.997658248258158,17.967362333735633,211.70923768196863,12.010604756939703,18.479007737798618,43.153088494042,12.544290062789653,22.044926303836423,17.57491504094667,67.88317190762157,30.84181362476958,21.43139861124326,7.815753633642299,12.058048856261953,13.472648466866415,5.248365422722346,18.22829898140527,2.3995791494443592,35.057739471859286,4.346375462969533,15.857071609518838,3.4347681811488218,25.45404191879932,31.559620658677954,5.256431086634734,25.517754872067854,24.65568893351024,15.802319015138066,3.5316622357437906,10.248795168065088,13.524020699997322,2.8850978142722497,17.147509557716027,5.489731047335159
2015-05-29,8.964744875800214,4.480598927671138,7.904735532143597,6.100595674496056,7.628477881764238,4.393238495900688,24.351626030202247,13.84114289228528,8.879730726072514,7.841664582223141,13.780619293491803,16.057912090054387,25.74091040721423,22.242574612003537,59.03629568713561,9.336206092738204,16.500478585965492,18.1604149525139,213.91462669998765,11.623733154227152,18.84004098307459,42.843747357884,12.652058877762073,21.833037354357028,16.77567683917932,68.00895315545498,30.824769240340306,20.867052212360168,7.6339919212320115,11.959164712240508,13.435307423443836,5.1472798020998045,17.57638118225608,2.379964061029283,35.14824290630905,4.444120038598533,15.244237924126807,3.414563662436182,24.966030768195434,31.144478713265734,5.118972114703909,24.879172417811905,24.65568893351024,15.239473329763477,3.538506542402209,10.013576918306219,13.42651514340037,2.85216290771663,17.554837420906267,5.430938746962092
2015-06-01,9.4329739215433,4.664056521560035,8.315234447927352,6.3319555902953075,8.10577207501378,4.569942956900855,26.06754567803342,14.423282825773757,9.29872464278289,8.088430250894499,14.398147044851104,16.707460660836404,27.133608918052314,23.266454635791515,61.01737943502607,9.336206092738204,17.740610815862194,19.978701245658062,220.10106721744552,12.204040558295981,19.53263537197135,45.17669509307563,13.272807252003208,23.002664355483294,17.291851511154068,70.84386897200758,33.19393867600926,22.009509556440573,8.09153002488549,13.157407869206242,13.973018448728972,5.373711592294296,18.406094744809593,2.4649627774946143,35.958660023881954,4.887228781449999,15.950698978120398,3.522321095570263,25.957545486882687,32.186749980470886,5.366398264179393,25.892389911898015,24.65568893351024,15.896126629367163,3.743835742154755,10.41680820360714,14.118804595238734,2.964141590005736,18.27014488797206,5.666107948454361
2015-06-02,9.385624916917596,4.692280766773711,8.373125320666087,6.3989281975003545,8.171605756841304,4.569942956900855,25.674648188576754,14.515199657377202,9.350180036063112,8.362614327196008,14.682534825082364,16.627104136615948,27.133608918052314,23.51023559383627,62.374421802331035,9.336206092738204,17.937182987894605,21.527611791669756,216.17677205302928,12.740385280238382,19.27475448248851,49.694364602383196,13.328847035788868,22.76534873206637,17.466684867790676,72.91442182095727,32.887139756282345,22.2159777511539,8.166741767951816,13.227208441456671,13.868463527145751,5.349451043344887,18.78708566639029,2.458424414689589,35.53493939895805,4.861163561282266,16.359254768381753,3.5021165768576226,25.717413015950623,31.89526733794741,5.531349030496383,25.43261054483373,24.65568893351024,16.203133366844213,3.9286320219320463,10.391606248275831,14.138305706558125,2.950967627383488,18.170796628657364,5.688155061094261
2015-06-03,9.4171909200014,4.586439847222424,8.68363091081021,6.350220846805775,7.965875501130294,4.551663185073251,25.41004375690185,14.898186455724886,9.372232347468922,8.280359104305555,14.422523140299498,16.814602693130347,28.507097794258147,23.802772743489978,59.71976958015782,9.336206092738204,17.992468825870993,20.638671826132608,213.07138972250982,12.40626889607754,18.99476951676429,46.10471850154966,13.759922295678546,22.706019826212138,16.8173038288547,69.61508293548137,31.983787381530874,21.720454083841915,8.085262379629963,12.901472437621328,13.860995318461233,5.414145840543314,20.04858894006859,2.4453476890795383,35.18938083105895,4.989621571187331,17.78068845533272,3.5021165768576226,26.011768948060897,32.07192348493133,5.481863800601286,25.100547668620635,24.65568893351024,16.83420277165814,3.9569468458663897,10.374804944721626,14.079802372599952,2.950967627383488,17.62438120242655,5.798390624293762
2015-06-04,9.80124395752101,4.572327724615587,9.020450534017394,6.453723967031756,7.850666557932128,4.643062044211268,25.8269961946926,15.6565003164533,9.379583117937523,8.188964412205053,15.080677717406122,16.647193267671064,31.129212921560192,23.393220733974786,60.81927106023702,9.336206092738204,17.795896957510504,20.508473548351915,209.357903802463,12.52057186960625,18.60426416983314,43.236868385084804,13.591802944321572,23.0365665874,16.634145074283015,68.04765507786524,32.74226248863353,21.713571810684805,8.191812348973924,13.424976729499559,14.577943352174746,5.6688816045121175,19.45593639538751,2.5172696799348184,36.20548757238132,5.489935929273865,17.51682950745559,3.596404330849943,26.375840758828872,32.62839034793069,5.327909752038762,25.517754872067854,24.65568893351024,16.399276560232327,4.317956307653842,10.593221890926293,14.35281793107142,3.102468197539337,17.574707072769208,5.960069450319697
2015-06-05,9.696023947241665,4.769897441111321,8.836252302575964,6.417193454010821,8.031709182957817,4.7344609033492855,25.57041007912906,15.311812197940384,9.857383198396724,8.41745114245631,16.38886150646991,16.88156646331406,30.44727089211534,24.368344566153812,62.859787320564195,9.336206092738204,17.783611215737974,20.342358504286892,205.81468688748387,13.347070293583066,19.768412185212796,42.48929397270295,13.712504017090682,22.909433217712362,16.667446666023324,69.49897716825055,33.219505252653164,21.98198046381213,8.517729902261333,13.430793443853762,14.413642761115401,5.660794754862314,21.403223327911064,2.5172696799348184,35.769425570032446,5.496696934112873,19.27021477399391,3.5829346517081833,26.25964762773271,32.32807489805803,5.58083426039148,25.228264159471824,24.65568893351024,17.857558563248304,4.197619820391358,10.769635578245447,14.391820153710201,3.095881216228213,18.329753843560873,5.87923003730673
2015-06-08,9.696023947241665,4.932186851089961,9.341481737386742,6.758144908872876,8.32796075118167,4.978191194383998,26.8453223408354,16.185022098173103,10.129361705735038,9.258282309780935,16.13697518683651,17.81905924588604,31.916807941482418,24.807150290634375,64.10787008173519,9.336206092738204,17.27989580306422,20.80927646598317,214.57137857667715,13.663601604893337,19.945244795143886,41.928613163416564,13.859069605453172,24.019731312984398,17.033764175166695,67.1381599012238,34.915421503365835,23.49608055837652,8.762168067226892,13.901947306544171,15.444255559578574,6.222830805523644,20.60737562505361,2.693805475670507,37.84277697742708,6.044338326072457,18.768031615130994,3.7917146784054645,27.630726574667428,33.9886426797069,5.751283385585703,26.64165999155833,27.12544385214709,17.311768807733554,4.5161575807920515,11.198068818877676,15.035356827250087,3.4054693378510343,18.6774727511623,6.239332877091767
2015-06-09,9.696023947241665,4.946298973696799,9.162546312557925,6.612022856789138,8.179834967069745,4.892885592521848,26.620809489717306,15.95523001916449,9.908838591676945,9.404513817141737,16.258855664078478,17.484240394967475,30.687391325018456,25.275209730080306,64.96964151206754,10.269826702012022,17.562467863832424,20.512963144137455,210.02276372701286,13.971340379778322,20.247333837109494,42.727744431824746,13.880623368447658,23.409491138483737,18.057788121181115,68.22181372871148,33.31324936701417,23.234554178406306,8.50519461175028,15.29214203719859,15.026035873245693,6.109614910426397,19.185009517819015,2.641498573230303,36.77319093392985,6.35534454866679,17.28701687543358,3.7176314431257835,27.011029875487893,33.39684458731076,5.547844107128082,25.93496207551508,24.59708457950869,16.59541975362044,4.42413556112074,11.072059042221138,14.733089601799534,3.4845131135845206,19.432519521953964,6.239332877091767
2015-06-10,9.696023947241665,4.8969065445728654,8.978348081116495,6.703349139341475,8.369106802323873,4.838046277039038,26.20385705192655,15.679479524354159,9.952943214488563,9.075492925579928,15.901339597502039,17.531115034096075,30.30319863237347,24.514613140980668,62.374421802331035,10.64162251986443,17.888040020804485,22.564708418129754,211.66058939480644,13.681186677743908,20.03366110010943,45.06713677401968,13.876312615848759,23.146748841129284,17.733097601713126,67.88317190762157,32.639996182057885,23.076261895792758,8.448785804450536,14.70465388742413,14.876671699555377,6.044920113227971,19.159610123046967,2.6088067592051756,36.38649444128085,6.199841437369623,16.765753610875112,3.6570178869878633,26.949060205569943,33.16719159623166,5.465368723969587,25.50072600662103,22.202678116016692,16.399276560232327,4.2825632231648765,10.904046006679087,14.733089601799534,3.3922953752287865,18.45890658066997,6.107050201252366
2015-06-11,9.696023947241665,5.045083831944667,9.036238953855232,6.654641788646895,8.640670739862406,4.7893002188320954,25.722758085244912,15.595222428717669,9.870749017572688,8.883564072168873,15.657578643018104,17.423973001802135,30.57213351722496,24.69013543077289,61.77019125922444,10.393758641296158,17.402753220789524,22.416551757206896,210.85789265663038,13.333132694826967,20.004188998454246,43.74599233834485,13.66077498590392,22.92638433367071,17.683145214102666,69.22806371137862,32.23945314796997,22.525680043223886,8.555335773794496,14.297483882629946,14.71237110849603,5.980225316029545,18.956414964870596,2.5826533079850735,37.131090879253925,5.990250287360399,16.697391720514762,3.6502830474169836,26.949060205569943,33.33501493586639,5.3828933408110915,25.143119832237698,21.717099182860974,16.3395808057229,4.211777054186944,10.84524144423937,14.547829044265326,3.3000776368730524,17.962165284096507,6.011512713146131
2015-06-12,9.696023947241665,4.988635341517314,9.041501760467844,6.69117230166783,8.48431574552204,4.813673247935567,25.650593240242667,15.556923748882902,9.915582094109732,8.910982479799024,15.69008010361596,17.477544017949107,30.26477936310897,24.904662673852275,67.95117255264266,10.29461308986885,17.642325185353872,22.4389997361346,215.6740730856867,14.314822518408604,20.11470937966118,43.74599233834485,13.458169613755771,22.917908775691537,17.67481981616759,69.20871275017349,33.42403786580444,22.553209135852335,8.730829840949255,14.739554173549344,14.966290203769566,5.9680950415548395,18.72782041192218,2.5957300335951246,37.09818053945401,6.010533301877421,16.372672741303113,3.663752726558744,26.662450482199407,32.90650628837471,5.366398264179393,25.25380745764206,20.536640052258278,16.04110203317577,4.40289971042736,10.887244703124884,14.68433682350106,3.359360468673167,17.703859809878306,6.2172857644518675
2015-06-15,9.696023947241665,5.038027770641247,8.688893717422824,6.380662940989887,8.237439438668828,4.697901359694079,24.977054686888373,14.936485135559655,9.541973122967693,8.47228795771661,15.860712771754716,16.982012118589626,30.26477936310897,24.456105711049922,64.29607303778478,9.939341530587662,17.611610830922547,21.105589787828887,211.5308606290406,13.71688417131797,20.8588799464545,43.74599233834485,13.186592200025274,22.18053523150324,16.925534002010696,68.10570796148066,33.34733813587272,21.67227817174214,8.65561809788293,14.00258045277963,14.279215004794118,5.867009420932298,18.084369077697005,2.5303464055448694,35.78176694745742,5.91587923413132,15.911229981370774,3.5829346517081833,25.593473676114712,31.799504991641534,5.311414675407064,25.705072391982938,20.076177270817507,15.998462208526181,4.24717013867591,10.584821239149191,14.391820153710201,3.2671427303174334,17.703859809878306,5.938022337679797
2015-06-16,9.696023947241665,4.678168644166873,8.467855839693108,6.1980103758852145,7.7189991942770835,4.533383413245648,25.049219531890618,14.775630680253627,9.280446843168265,7.805106705382939,14.625657269036111,16.452998334138297,30.26477936310897,22.954415009494227,59.610809974023844,10.195467538441541,15.940749949858391,21.141744797715987,205.90387541394787,12.92260785951101,19.414746965350623,43.74599233834485,12.85466424991022,21.917792934148785,16.917208604075622,61.29416961727234,31.958220804886963,21.231812689687043,8.323432899339993,13.750929456195658,14.032764118205096,5.769967225134659,16.272545583957697,2.497654591519742,35.58430490865793,6.030816316394443,14.552537410458875,3.522321095570263,25.159685986689038,31.156730045151306,5.04276660442191,26.054164133642857,18.066885133621426,14.71926746903848,4.204698437289151,10.156387998516962,14.245561818814771,3.181511973272823,17.703859809878306,6.1511444265321655
2015-06-17,9.575020935420417,4.748729257201064,8.509958292594007,6.210187213558859,7.86712497838901,4.630875529659533,25.113366060781505,14.88286698379098,9.400001713933719,8.097569720104548,14.83691676292219,16.580229497487352,30.26477936310897,23.198195967538982,61.185771553596766,10.848175752004655,16.09432172201502,20.51806784558157,206.8281928700294,13.217114806585501,19.473691168660984,43.74599233834485,13.014162096069402,22.104255209690653,16.700748257763628,59.978304255323,31.79629915280887,21.417634064929036,8.63054751686082,14.218281306994465,14.11491441373477,5.842748871982888,16.831332268942717,2.523808042739844,35.78999453240739,6.078143350267494,15.432696748848342,3.562730132995543,25.30686395274418,31.3084963519615,5.154703709958468,25.602899199301984,18.795253533355005,15.248001294693394,4.261327372471497,10.31600038228191,14.265062930134164,3.2605557490063095,17.703859809878306,6.276078064824934
2015-06-18,9.322492910749988,4.628776215042938,8.204715509062495,5.8935894340440935,7.644936302221119,4.460264325935234,23.974765172968294,14.392643881905943,9.145947613557132,7.722851482492486,14.048756343424131,15.783360632301164,30.26477936310897,21.82327136416656,60.076364654778104,10.21199179701276,15.26503415236921,19.5238002407296,197.81204364930446,13.297434883060362,18.331647229522712,43.74599233834485,12.328752432844814,20.909201534626856,15.859883066320895,56.53383316080856,29.27373025727646,20.33711717926263,8.943929779637177,13.349486199740273,13.450243840812869,5.660794754862314,15.315835047543953,2.4453476890795383,34.53940162001063,5.489935929273865,14.219273194952184,3.4415030207197024,23.997754675727418,29.84439786273376,4.930829498885353,23.82338276010873,17.179447773026492,14.190533643383562,3.964025462764183,9.91276909698099,13.465517366039151,3.1156421601615847,17.703859809878306,5.886579074853363
2015-06-19,8.980527877342118,4.233636782051469,7.74685133376523,5.576991654529329,7.455664466966991,4.225187928335992,22.723907859596036,13.787524740516604,8.607950695112594,7.000833414898515,12.886829127050706,15.060151914317062,30.26477936310897,20.097302181209685,55.72788582815855,9.245322670596503,14.374317873860745,17.57142021665664,190.7904742022291,12.797665518327891,17.075742848795855,39.37010418310971,11.64765352221912,19.705672301583885,14.885811507916934,58.20769130505293,27.94426827179316,19.242835747282,8.048887798896383,12.474699402091225,12.860255354736124,5.466710363267035,13.825737220917231,2.327657158589079,33.091346668814374,5.124841667967475,12.809309206270026,3.3472152667273813,22.51822880643628,27.692887277953968,4.505468497846435,22.290784869894445,16.811077547873875,12.809003324736844,3.7587455727281807,9.383528035023529,12.597717912326273,2.9839025339391076,17.703859809878306,5.467683934695259
2015-06-23,9.37146406265557,4.268917088568564,8.025780084233679,5.674406355918488,7.570873410165155,4.342726099109614,23.485647890175297,14.453921769641575,8.802227360106453,7.110507045419118,13.293097384523932,15.615951206841883,30.26477936310897,20.467849237437715,60.13579716721482,9.5179729370216,14.638461321970151,17.45391586335595,204.52550727768596,14.07386228898402,17.544815093645365,35.432449304098405,12.764138445333389,20.375241381938775,15.951462443606736,64.03233062779927,28.643088033393354,19.993003521407086,8.347234969524289,12.995976466443741,13.241133997646427,5.604186807313691,14.596185529002637,2.419194237859436,34.73274986633513,5.361476837332727,13.313478147677584,3.4886468977158622,23.827338083453046,29.01414689018388,4.662180445597615,22.954910622320636,17.94130437504667,13.158649886863483,3.8436889755016987,9.65234889189081,12.968239027394693,3.1090551788504603,17.703859809878306,5.666107948454361
2015-06-24,9.49810546890767,4.410038314636947,8.104722183422863,5.972738878922786,7.793062086333046,4.509754025998446,23.28518998739128,14.499880185443295,8.929254410294748,7.503504221451281,13.528732973858402,15.743182370190938,30.26477936310897,20.965162391849017,61.73056958426663,9.898030884159617,15.332605732118129,17.580459013064385,211.79031816057224,15.242965624340332,17.680997358279093,35.239111093999654,13.160727684431894,20.358290265980425,16.40935933003595,65.59975848541538,28.46412199688599,19.94482760930731,9.002301583294262,13.702995933036807,13.308347875807069,5.6405776307378055,14.78408871209237,2.4518860518845633,34.913756735234664,5.462891909917836,13.595470945414016,3.5155862559993825,23.951277423288953,29.040929179620978,4.740536419473205,22.716506506065077,17.757119262470365,13.414488834761023,3.9427896120708037,9.929570400535194,13.026742361352865,3.1617510293394515,17.703859809878306,5.835135812026929
2015-06-25,9.200773471620128,4.1701322303206965,7.90999833875621,5.723113706613066,7.587331830622037,4.342726099109614,22.972475659048214,14.124553123062567,8.779810821837932,7.128785983839219,12.756823284659275,15.120419307482404,27.239261908529684,19.521979120224064,59.63062081150275,9.253584799882113,14.583175483993765,17.62565299510311,204.1525370761092,14.475462671358326,16.750418549948616,32.09414287639325,12.596019093976413,19.993841272875862,15.601795730333519,62.34879700295232,27.373281393412512,19.765888507222428,8.528837595123886,12.900109420126036,13.024555945795472,5.515231461165855,13.921470017741516,2.4126558750544103,33.90999137133726,5.300627793781663,12.809309206270026,3.4684423790032226,22.96750891334144,27.692887277953968,4.62300245865982,21.762890041042855,16.978518559306885,12.757835535157337,3.815374507910526,9.509537811680067,12.753726802881397,3.1222291414727086,17.51509811718039,5.629362760721194
2015-06-26,8.727244735199221,3.7538246134189692,7.3995060973328215,5.52828430383475,6.830244489605522,4.126208416105574,20.871676837871732,13.327940582499384,7.9055658293655595,6.415907385455297,11.481140956193348,14.069088115598111,24.51149379075027,17.571731455866015,53.667558730352475,8.353012707750727,13.127315083948895,15.8630876955928,196.5796203745291,13.868599871326042,15.343201815400088,28.884728588753923,11.720936316400365,18.03598737968624,14.669351161604943,56.11778749489811,24.633387085640358,17.790676111131607,8.094288455296281,11.857555291421004,12.19558478181422,5.143236377274903,12.700138599007136,2.3080420701740025,31.85720892631757,4.996382576026337,11.766790378274733,3.353950106298262,21.73586172372212,25.675288140359648,4.320772273711115,19.583195263849206,15.287364343833517,13.423016799690942,3.5747015333855576,8.845886321288965,11.476404011461318,2.9839025339391076,15.76656875324179,5.269259920936157
2015-06-29,8.760281623786728,3.386909425641175,7.452134163458944,5.7292021254498895,6.15544925087341,4.175698172220783,19.72505763394716,13.350919790400246,7.9130380087884005,6.086886493893487,10.936741491179227,14.048998984542997,22.062265375138466,16.372329142285814,48.29882177356934,8.204294380609765,11.81888358517439,14.570539809285238,199.97689242802167,15.251890077281985,14.942220702867441,25.997544651279192,12.001135235328658,16.798555914726563,14.477867009098182,50.5060087454083,22.441469430470416,16.63445422073698,8.554780827352399,11.863546981815862,12.061157025492937,5.090671854551181,12.136447174975887,2.314580432979028,31.47874001861855,5.06399262441641,10.681545368804224,3.414563662436182,21.836562437338795,25.85383673660693,4.264803720942837,17.948424180953968,13.972952404084413,14.761907293688067,3.5747015333855576,9.198713695927273,10.579352890769355,3.003663477872479,14.18693143013817,5.335401258855857
2015-06-30,9.338427174068064,3.6620958164745208,8.004728857783231,6.051888323801476,6.5093052906963464,4.367470977167219,21.577288655671467,14.339025730137267,8.533228900884186,6.699230930966856,12.033665786356934,15.13381206151915,23.4357542513443,17.6887463157275,51.01290650817926,8.59261445703339,12.709599863682856,16.025786030932213,208.9038531222826,14.868138600790981,16.228386535519324,27.118906269851966,13.074512632453956,18.476716394603383,15.735002097294744,51.42517940265232,24.504954410532747,18.21049477371537,9.106074512208316,12.492674473275795,12.882659980789672,5.385841866769002,13.349237814558276,2.4257326006644613,33.70841554006278,5.5710679873419515,11.698428487914386,3.555995293424663,23.378057976547883,27.960710172324898,4.6509867350439595,19.69388288925357,15.371084849550018,15.123629198617598,3.7941386572171467,9.517938463457169,11.593410679377662,3.221033861139566,14.703542378574577,5.666107948454361
2015-07-01,8.986033695801344,3.4080776095514325,7.778428173440903,5.820528408002225,5.941489784933959,4.188070611249585,20.35850460674465,13.948379195822632,7.965343264748286,6.589557300446252,11.822406292470857,14.477567113718761,21.09217882620987,16.62586133865236,45.91161585736134,8.196032251324157,11.567025878837514,16.504842240542708,208.7741243565168,14.778894071374468,15.381030222242789,24.40572672146611,12.203740607476805,17.50202722699816,14.985716283137853,46.28749920268838,22.441469430470416,17.01986151753519,8.658553756266455,11.845571910631293,12.397226416296148,5.098758704200984,12.452456003599467,2.3472722470041556,32.35909160826627,5.591351001858973,10.579002533263704,3.461707539432342,22.0999335344901,26.487684253284794,4.382337681756222,18.442261278911904,14.307834426950425,13.642271441122025,3.64548770236349,9.02230000860812,10.891370671879603,3.128816122783832,13.233188140717118,5.423589709415459
2015-07-02,9.013564436290933,3.154059402628344,7.90999833875621,5.820528408002225,5.357215858714691,4.416960733282428,20.446706083969616,14.285407578368591,7.6365673701432915,6.5073020775558,11.708651180378354,14.162837393855309,18.979119016662434,15.445961501715741,41.32540698099493,7.716828752758833,10.412166152219642,16.676579372289865,211.05248580527913,13.297434883060362,15.146494099818034,22.962134752728744,11.341590087697448,17.84952510414437,14.735954345085554,41.662619474660566,22.193166258595696,17.143742434363183,7.795941284668373,11.168510896012508,12.28520328602841,4.949151985679624,12.401211328687534,2.373425698224257,32.009419247892176,5.7333321034781255,10.177376427396664,3.663752726558744,21.487983044050306,25.175352070867245,4.158463470683106,19.114901464061507,14.676204652103042,12.28148931505051,3.62425185167011,9.811961275655758,10.901121227539297,3.3000776368730524,11.9118562918317,5.96741848786633
2015-07-03,8.738257031395056,2.850648766581322,7.67843484780127,5.643964261734375,4.863463245008269,4.175698172220783,20.0217353300675,13.991437883643066,7.023848657470346,6.248857604110401,11.708651180378354,13.566859839220264,17.086970005385865,14.100290613308688,37.19484736664332,6.9484507291971935,9.37402097244081,16.007708438116723,202.5471435997571,11.967691394754326,14.669856173599985,21.421873678942,10.871718054417698,17.468124995081457,14.203128877240653,37.49248733495348,20.806093367433462,16.71704149862231,7.0176443178129615,10.245790575204609,11.762428678112308,4.674199097586311,11.692326659072474,2.2949653445639515,30.639526353720722,5.354715832493721,9.160493308286503,3.5761998121373026,21.27108919933747,24.91645660630868,3.7946678776892955,19.165988060401986,14.341322629237027,11.049895365504772,3.3835788771451423,9.937971052312296,10.42334400021423,3.0535995072602296,10.719677180055383,5.607315648081293
2015-07-06,9.481587024613917,3.0693866669873144,8.199452702449884,6.003180973106897,5.348986648486251,4.5406851235704515,21.38484906899881,14.952803007959258,7.6365673701432915,6.6642174153141935,12.350555027186049,14.665065670233156,17.692073496301724,14.792628534155796,37.610874953700325,6.97323711705402,9.656593033209013,16.9838984501532,205.97684784469115,10.771814700573058,15.713920202458569,22.942800931718867,11.522641696851114,18.634954654837713,15.135573445969232,33.74807634175942,22.45003160881092,17.935203847430934,7.374363760955025,10.976776803377101,12.658613720254198,5.009803358053149,12.61473080748725,2.523808042739844,32.17397094689175,5.875313205097276,10.023562174085884,3.899472111539545,22.742868859888862,27.40720952395831,4.01854208876241,20.59641275793532,15.103179231257206,11.67861115793022,3.687959403750249,10.929247962010395,11.232640119968936,3.3548514765863513,10.46137170583718,6.0776540510658315
2015-07-07,9.67430220804103,3.2316760769659543,8.6362656512967,6.606577723169978,5.8838853133348765,4.621105977257667,20.871676837871732,16.057181125975376,7.718761343794539,6.6549871972874435,11.115499524467443,15.45523815840097,15.924787110134773,14.061285660021527,33.84681583270846,6.279218257062862,8.692162304065366,15.284604725497108,197.9823126543721,9.691955894633256,15.456687035928194,21.222090861839952,10.945000848598944,17.92284542999815,14.577771784319102,30.371333611462962,21.979111800083004,16.834040142293198,7.192761135355429,12.025322622476988,12.845318937367091,5.094715279376083,13.878766121981572,2.693805475670507,35.39095666233343,6.017294306716429,11.006264348015874,4.047552366369431,24.330841651536414,30.147930476354148,4.236819444558697,19.404392176657538,14.893877966965949,12.849917291763928,4.034811631742115,11.391283809751034,10.511099001151488,3.6903366242449858,9.418214983032904,6.687624167436405
2015-07-08,8.782306216178396,3.2105078930556967,8.195043418604637,6.274093848937751,6.245970563386253,4.1571395136775795,18.786914648917964,14.627051188976084,7.008904298624665,6.045792807521879,10.002324498990808,15.394970765235628,15.924787110134773,12.676609818327313,30.459162623815775,6.279218257062862,7.918160572395941,13.75704813258817,192.04722162058553,8.719190523993271,13.981379169062802,19.101815157756945,10.57427612509382,16.129702924076845,13.720255797006212,27.420312027679525,19.847129393296612,15.189176857743696,6.537694521585458,11.288344703909639,11.598128087052961,4.613547725212786,13.57983885166197,2.5695765823750225,31.865436511267546,5.415564876044786,10.570457296968659,3.8571622724809735,22.123172160709327,30.62108425640945,4.057720075700205,17.48864481388968,13.470629369785392,13.34083236256188,3.8790820599906652,10.358003641167423,9.4580389899044,3.827269337575041,8.474406519543319,6.908095293835408
2015-07-09,9.332921025970146,3.5350867130129764,8.584356645141675,6.520378200220882,6.871390540747723,4.416960733282428,20.663200618976354,15.095816001659186,7.711289164371699,6.6549871972874435,10.002324498990808,16.894959217350802,15.924787110134773,13.944270800160046,33.51003159556708,6.279218257062862,8.710590916724161,13.75704813258817,209.13898651023317,9.593786912275094,15.381030222242789,21.009418830731324,11.630410511823532,17.742673216484526,15.093946456293848,30.158473038206452,21.833554768294373,16.7101592254652,7.192761135355429,12.414782498142658,12.755700433152903,5.009803358053149,14.937822736828165,2.7003438384755327,33.07489149891442,5.6589610502490455,11.63006659755404,3.934728607028123,23.269611054191465,31.781650132016807,4.46629051090864,19.234103522189287,14.818529511821096,14.67577685332824,4.041890248639908,10.900041244422512,10.40384288889484,3.834115973241544,9.31886672371821,7.19470775815411
2015-07-10,9.514623913201424,3.887889778183932,8.733593381980873,6.409550242143474,7.365143154454145,4.546871343084852,22.226772260691675,15.087870835342523,8.458507106655778,7.245721150999504,10.002324498990808,17.484240394967475,15.924787110134773,15.33869788017605,36.85806312950195,6.279218257062862,9.58287858257383,15.130945186565437,215.34164312341176,10.557627829973429,16.871469451845265,23.110360713804454,12.794313713525666,19.12399352008898,16.58419268667256,33.177222986207866,24.016910245123814,18.37566932948603,7.867285173296787,13.139777035920295,13.203792954223848,5.309016795095871,16.37267363436226,2.693507291699331,33.81126035193751,5.7468541131561395,12.792218733679938,3.906522667192796,24.106201598083835,32.21016676301029,4.869264090840246,20.83481687419087,16.292010412431555,15.804020261653358,4.098519183822254,11.086366735780164,11.417900677503148,3.786189523576025,10.252740361276325,7.1873587206074765
2015-07-13,9.382476358851402,3.9513943299147036,8.461074123404945,6.16942299964242,7.291080262398182,4.441705611340033,21.978204461239496,14.547599525809456,8.48839582434714,7.2088002788925,10.002324498990808,16.63380051363432,17.519186784611474,16.86964229669712,40.542878900578195,6.907140082769148,10.541166440831214,16.640424186658883,208.98493360088625,11.325130782955435,16.95469194689921,25.42397462798622,13.475412624151359,18.840865755996145,16.40935933003595,36.49591283288891,24.24808906031752,18.231141593186702,7.860799365239657,12.930067872100317,13.12911086737869,5.2685825468468535,16.45808142588215,2.5841262849298148,33.16950872583917,5.523740953468901,13.159663894366805,3.716132573304338,23.579459403781232,30.433608230349805,4.880457801393902,20.69858595061627,16.484567575579515,15.692057175331016,3.914475144479631,10.61208366686978,11.486154567121014,3.5670971822479367,11.276027432217663,6.761114542902739
2015-07-14,9.222798064011796,3.6268155099574244,8.383211478097538,5.978552627397995,6.640972654351392,4.324167440566411,20.558962509528666,14.198012207876298,7.9205101882112405,6.728828941501451,11.00174441237494,15.569076567713283,18.412434795011077,15.923772179483462,39.73063456394311,7.601158942760306,10.57188079526254,17.309295120832026,201.93093196236944,10.450534394673614,15.903062236672081,25.191968775867714,12.613262104372001,17.50244359846636,15.435287771631987,40.14356902005729,22.96376230924138,16.95792105912119,7.341934720669383,12.031314312871842,12.822914311313546,5.123019253150394,14.90365962022021,2.536272094468152,32.3467502308413,5.415564876044786,11.929149867880557,3.6315147537983576,22.57245226761449,29.639066977049385,4.494274787292778,19.038271569550794,15.078063079542257,14.133186511919977,3.80121727411494,10.408819494479618,10.745112336984175,3.5807904535809425,11.444919473052643,7.326990433993513
2015-07-15,9.398994803145156,3.647983693867682,8.558402430039205,6.1878943259886565,6.723264756635796,4.522126465027248,19.813259111172126,14.682667353192725,7.853260573405674,6.387310874511665,11.440514130446024,15.870413533539992,16.721986947373125,15.007155777235182,36.26373800513481,7.031072022053284,9.877736385114563,16.40541548005751,203.7228105395099,9.772275971108117,15.38859590361133,23.02013621575837,12.4796287738062,16.92760844106575,15.635097322073827,41.74002331948111,21.285575354501887,16.15269509973922,7.341934720669383,11.971397408923279,12.912532815527733,5.228148298597837,14.707221699724471,2.5977989107760044,32.511301929840876,5.496696934112873,11.621521361258996,3.716132573304338,22.68089918997091,30.112220757104684,4.404725102863533,18.289001489890477,14.324578528093726,13.874810158868424,3.907396527581837,11.450548377979205,10.043072329486117,3.676643352911981,10.590524442946283,7.554810597939148
2015-07-16,9.338427174068064,3.640927632564263,8.389700031873156,6.0339666064366995,6.772640018006439,4.398402074739225,19.62883784061083,14.420476864742852,7.733705702640221,6.387310874511665,11.733027275826746,15.91728817266859,16.827639937850495,15.231434258636355,38.22501091554637,7.080937892163287,10.105022607906378,16.902549282483495,203.99037611890193,9.941840576999493,15.365898859505707,23.94815962423239,12.216530873907121,16.910449182635883,15.393660781956605,44.82683915526566,21.687997736505743,16.16645964605344,7.225190175641072,12.05528107445127,12.748232224468389,5.143236377274903,14.98052663258811,2.570453659083625,32.28092955124147,5.3952818615277645,11.664247542734213,3.6808751485101796,22.510482597696534,29.264114924930084,4.404725102863533,18.289001489890477,14.37481083152363,14.245149598242318,3.80121727411494,11.348916291784125,9.935816217229467,3.5807904535809425,11.653550817613498,7.260849096073812
2015-07-17,9.37146406265557,3.7397124908121304,8.551913876263587,6.052437932782934,6.920765802118366,4.379843416196021,20.350486290633288,14.587325357392771,8.01017634128533,6.6549871972874435,12.431808678680696,16.31907079377087,18.249152900636954,16.001782086057787,41.98907003653823,7.454931090693039,10.682452471215315,17.896816887335465,207.21262210345688,10.49515665938187,15.850102467092299,25.28863788091709,12.462089283432894,17.50244359846636,15.809930678710433,49.31146446703109,22.818205277452748,16.94415651280697,7.458679265697695,12.306932071035241,12.927469232896765,5.197687308319204,15.586921952379305,2.570453659083625,33.09957425376435,5.408803871205778,12.253868847092205,3.6738236635513477,22.833646298285174,29.442663521177366,4.555840195337885,19.02975713682738,15.329224596691766,14.62410158271793,3.808295891012733,11.154121459910218,10.325838443617279,3.5397106395819256,12.815925451595406,7.202056795700744
2015-07-20,9.184255027326374,3.655039755171101,8.493516892283031,5.990866844962151,6.780869228234879,4.416960733282428,19.684966053390358,14.650886687926075,7.868204932251355,6.562685017019934,12.415557948381766,16.138268614274846,18.354805891114324,15.865264749552722,42.375381367376875,7.355199571085104,10.590309407921335,17.517187438210165,204.3262226190774,10.521930018206822,15.517212486876518,25.056632028798585,11.9797424075787,16.987665845570294,15.568494138593213,54.2426109137342,22.210290615276712,16.393574660238098,7.3354489126122555,11.95342233773871,12.748232224468389,5.068982670208443,15.441728706795496,2.549944720314341,33.35874317968869,5.334432817976698,12.117145066371512,3.645617723716021,22.510491483570057,29.478373240426826,4.583824471722024,18.382660249848016,15.15341153468711,14.908315571074636,3.7445883389325942,11.6284045288206,10.062573440805506,3.5328640039154227,13.20338366292271,7.3343394715401455
2015-07-21,9.01907058438885,3.6197594486540057,8.324814494116982,5.92313864835929,6.698577125950475,4.3489123186240155,19.60478289227675,14.364860700526213,7.718761343794539,6.590375671100186,12.431808678680696,16.399427317991325,19.565012872946042,16.001782086057787,41.53342077452343,7.363510531052432,11.4810256864298,17.444877066948205,201.1947514803638,10.602250094681686,15.396161584979872,24.79884774866691,11.558785134105948,16.876130665776145,15.343708394346146,53.00011732086412,22.24453932863874,16.386692387080988,7.620824467125906,11.863546981815862,12.494313129194852,4.965028924042058,16.987609733305444,2.529435781545057,33.13659838603926,5.246539755069605,13.330568620267671,3.6315147537983576,22.57354608156325,28.907017732435513,4.589421326998852,18.33157365350754,15.513409709268075,15.123629198617598,3.7091952544436286,11.41667101591418,10.130827330423374,3.478090918583401,13.113970229539486,7.003632781941642
2015-07-22,8.897935326234665,3.5703670195300714,8.162600649726551,5.880038886884743,6.698577125950475,4.324167440566411,19.251976983376885,14.182121875242974,7.569317755337725,6.461152618725673,12.58619061652052,15.50131198267932,19.13279609372043,15.79700608130019,43.05885526039908,7.587906450170284,11.321311043386903,17.544303827433403,197.08299372431378,11.262659612363876,15.07840296750117,25.17907956186113,11.532475304513902,16.61874178932811,15.48524015924245,58.30012905295054,21.824992589953865,16.028814182911223,7.367877952897897,11.755696554708445,12.330012538135506,4.935327853708807,16.278725063690384,2.5089268427757725,32.60180536429064,5.192451716357547,13.07421153141637,3.610360298921862,22.140045720360046,28.06783933007327,4.483081076739123,17.897337584613492,15.061318978398955,14.460463225785277,3.64548770236349,11.543711123658031,9.95531732854886,3.4507043759173897,13.859082174399683,6.878699143648873
2015-07-23,9.046601324878436,3.690320061688197,8.208020526155872,5.941609974705526,6.81378606914864,4.342726099109614,19.676947737278994,14.253628372092939,7.763594420331585,6.839591557822462,12.692922663118901,15.557886114002965,19.536198420997668,16.460090287181927,44.28712718409116,7.687637969778217,11.579311620610046,18.520493839469882,199.27048515744414,11.271584065305529,15.789577016143976,27.698920900148227,11.655254509276787,16.979086216355356,15.510216353047676,60.057092649118374,22.78395656409072,16.64133649389409,7.419764417354924,11.881522053000431,12.561527007355494,5.014530707930813,16.295806621994362,2.529435781545057,33.96758446598711,5.260061764747619,13.253661493612281,3.6315147537983576,22.628718854807296,28.639194838064583,4.555840195337885,18.24642932627341,15.295736394405164,14.520751041497308,3.680880786852456,11.569119145206802,10.179580108721849,3.464397647250395,14.057778693029071,6.922793368928675
2015-07-24,8.88692303003883,3.6056473260471678,7.961455482682414,5.8123106902818815,6.838473699833962,4.324167440566411,19.163775506151914,14.221847706826285,7.845788393982833,6.608836107153689,12.21673280900448,15.069934231336507,18.623740775965818,16.51859771711267,44.009775459386496,7.571284530235627,11.309025301614373,17.914894480150956,198.97095313548024,12.119407094762398,15.335636134031546,26.74511906366104,11.321996667777526,16.447149205029422,15.585144934463367,60.07650661150697,22.10754447519062,16.15269509973922,7.127903054784145,11.85156360102615,12.374821790242601,4.920477318542179,15.672329743899192,2.4952542169295833,33.16539493336419,5.158646692162511,12.740947315909679,3.596257329004198,22.076991122366856,27.719669567391062,4.483081076739123,17.727048930145237,14.9022500175376,14.115961421716541,3.652566319261283,11.586057826239315,9.95531732854886,3.4301644689178814,14.057778693029071,6.768463580449374
2015-07-27,8.209666813994978,3.245788199572792,7.1633633682814875,5.387470184318481,6.15544925087341,3.8911320745583295,17.247397955536723,13.268427748826758,7.061209554584549,5.94426040922762,10.993417494124326,13.577791517675315,16.760406216637623,14.870638440730117,39.611769539069684,7.072626932195959,10.178737058541563,16.125212791417407,182.91422141262706,10.905681494697827,13.799802816217829,24.070607157294937,10.190673995319509,14.799860395761996,14.086573306149583,54.06788525223684,19.898502463339657,14.535360907818164,6.414464168500018,10.665208902844563,11.396486452571036,4.430409658043512,14.109367159085267,2.3311827067753095,30.267766809822305,4.644810324397962,11.467707107948215,3.3988157501569094,19.870080192605084,24.95216632555814,4.035332654592893,15.956046923675395,13.41202501578384,12.703504025034714,3.291556857473831,10.476574218609672,8.960760651259942,3.1699923135907766,12.656968236691899,6.107050201252366
2015-07-28,8.391369701226255,3.0623306056838957,7.293134443793834,5.609126100473299,5.9250313644770785,3.804525001356714,17.784625134997885,13.53856340359329,6.919238145550574,5.611972560264585,10.648590358386297,13.641437415414417,16.99092183222462,13.76874851036782,37.21465820412223,6.864852933012765,9.77945045093432,15.37499268957456,186.8262911540345,10.040009559357657,13.580398056530155,22.859021040676073,9.883725983412294,15.83799553076907,14.1864780813705,51.97117731426859,21.730808628208283,15.553937335070573,6.161517654272009,10.239798884809751,11.538382417576836,4.430409658043512,13.426104826926174,2.3585279584676884,29.05904308054603,4.732703387305056,10.553366824378573,3.405867235115741,20.05924398658466,24.845037167809767,3.878620706841713,17.062923177719046,12.64179636319201,12.040338052202394,3.3198713250650034,10.036168511764318,9.155771764453847,3.1973788562567877,12.587424455171613,6.026210788239398
2015-07-29,8.418900441715842,3.2316760769659543,7.267180228691363,5.578340556562908,6.138990830416528,3.860200976986324,17.616240496659312,13.633905399393244,7.1284591693901165,5.925799973174117,11.223302251283013,14.00209750260267,17.173413361230985,14.490340146180298,40.93909565015629,7.14742557190191,10.498166344627357,16.51388103695045,188.55994619024983,10.941379306464432,14.367228918858364,24.470172791499028,10.26960348409565,15.640664058825578,14.502843202903412,57.16441225321773,21.482505456333563,15.416291871928355,6.563637753813971,10.56934185652686,11.657873756529087,4.47496126354339,14.246019625517084,2.3653642713907828,28.92658020610479,4.732703387305056,11.38225474499778,3.4270216899922366,20.27993507956084,25.3360458074898,4.0465263651465495,17.2332118321873,13.43714116749879,12.89298001727252,3.3269499419627966,9.866781701439184,9.058266207856894,3.1699923135907766,13.849147348468215,5.960069450319697
2015-07-30,8.20416066589706,3.0834987895941532,7.0271037389935245,5.57218344778083,5.95794820539084,3.8107112208711147,16.742244040521,13.490892405693316,6.784738915939441,5.695044522505343,10.845634435950885,13.514145619936212,16.193721994986266,13.905265846872883,41.44427200586836,6.864852933012765,10.086593995247584,15.872126492000543,186.9442886172324,10.57547673585673,13.80736849758637,23.361700386932835,9.646937517083872,14.8255992834068,14.078247908214506,57.81477999323566,20.2838004886625,14.741829102531492,6.382035128214375,10.185873671256044,11.4263592873091,4.366057338988131,13.57129807250998,2.3311827067753095,28.40500763799243,4.597483290524911,10.903721512475352,3.377661295280414,19.854316543106787,24.987876044807596,3.878620706841713,16.202965472654366,12.876213779198219,12.160913683626452,3.2420065391892785,9.917597744536724,8.482983423934874,3.094679321259246,14.405497600630497,5.857182924666829
2015-07-31,8.297765183561658,3.090554850897572,7.020615185217907,5.596811882909142,5.9085729440201975,3.711731708640696,16.670079195518756,13.745137727826522,6.874405069013529,5.713504958558845,10.845634435950885,13.620222116168051,16.0112304659799,13.817504701976771,38.97782273974474,6.798365253274142,10.28316586360807,16.025786030932213,187.7339639478645,10.3612898652571,14.11756143369653,23.0716930717847,9.804796494636154,14.756962249687325,14.369636835942186,52.02941920143438,20.53210366053722,14.714300009903045,6.628495834385256,10.191865361650901,11.605596295737477,4.34625662543263,14.066663263325323,2.3516916455445935,27.62678825065017,4.62452730988094,11.228440491687001,3.405867235115741,19.641507274879757,25.211061790116702,3.895411272672197,16.483941752526984,12.876213779198219,12.45374021708488,3.2136920715981057,9.3924986325288,8.47323286827518,3.046752871593727,13.20338366292271,5.585268535441394
2015-08-03,8.562060292261698,3.154059402628344,7.202294690935191,5.750739602461099,6.089615569045886,3.5756348793238706,16.397456447732495,14.372805866842878,6.979015580933301,5.787346702772853,10.960576814530228,13.995025736187213,15.559804052122034,13.807753463654981,35.5604532746337,6.831609093143454,10.381451797788316,16.10713519860192,190.21191067502048,10.42376103584866,14.957352065604523,22.62057058155428,9.945115585793738,14.705484474397718,14.777581334760939,46.86530520606813,20.694785049006867,14.996473209344591,6.810098459984852,10.443516358234872,11.91926106048714,4.435359836432388,14.109367159085267,2.3995458360062565,27.618509320997592,4.719181377627042,11.373709508702738,3.434073174951068,20.011953038089768,25.87169159623166,3.9569766807173035,16.271080934441667,12.340402542612596,12.961880378086269,3.277399623678244,8.952092925683447,8.551237313552742,3.046752871593727,11.931725943694639,5.666107948454361
2015-08-04,8.60060332894712,3.245788199572792,7.273668782466982,5.818467799063959,6.221282932700932,3.6684281720398877,16.85450046608005,14.420476864742852,7.15834788708148,5.94426040922762,11.518868367629894,14.200106962235433,16.32818943741201,14.695116150937894,39.116498602097074,7.139114611934582,11.204596496547863,17.038131228599674,192.39940210815084,10.98600157117269,15.5701722564563,24.089940978304814,10.295913313687697,15.057249272210033,14.977390885202775,51.5537771229138,21.06295871764869,15.271764135629029,6.9333288130702915,10.701159045213702,11.986474938647781,4.479911441932266,14.459539104316802,2.4063821489293513,28.322218341466655,4.719181377627042,11.672792779029256,3.434073174951068,20.30358055380829,26.07702248191604,4.063316930977033,16.662744839718652,12.909701981484819,13.17719400562923,3.291556857473831,9.163826438589867,8.834003427683903,3.0672927785932353,13.123905055470956,5.724900248827428
2015-08-05,8.429912737911678,3.1752275865386013,7.098477830525314,5.744582493679021,5.999094256533042,3.5941935378670737,16.277181706062088,14.229792873142948,6.941654683819096,5.778116484746102,11.132990382399242,13.726298612399889,16.02083528329602,14.353822809675234,39.34432323310447,6.931340612751387,11.130882045912681,16.396376683649766,188.06072615364332,10.593325641740032,15.940890643514784,23.38103420794271,9.945115585793738,14.5767900361737,14.544470192578792,51.99059127665719,20.377984450408082,14.948297297244816,6.6868681068994125,10.527400023762864,11.747492260743277,4.405658766099135,14.72430325802845,2.3585279584676884,27.560556813429553,4.611005300202926,11.843697504930123,3.3988157501569094,19.673034573876354,25.16642464105488,4.074510641530689,16.06673454907976,12.767377121766764,13.01355564869658,3.2207706884958984,9.00290896878099,8.560987869212436,3.00567305759471,13.451754311209442,5.592617572988027
2015-08-06,8.4684557745971,3.132891218718087,7.053057954095993,5.763053820025255,5.990865046304601,3.557076220780667,15.91635748105086,14.396641365792867,6.792211095362281,5.676584086451841,11.050888683413998,13.712155079568978,15.56940886943816,14.714618627581473,38.82924145865296,6.914718692816732,11.253739463637986,16.188484366271624,186.03661582340237,10.3612898652571,16.046810182674353,23.226363639863706,9.76094677864941,14.053432654062695,14.377962233877263,50.18509277451786,19.693010183167477,14.42524453730439,6.797126843870595,10.47946650060401,11.784833304165856,4.420509301265761,14.169152613149187,2.3448553326214987,27.229399627326465,4.570439271168882,11.313892854637434,3.391764265198077,19.405052532405282,24.889674316871588,3.979364101824615,15.419637662100396,12.767377121766764,12.522640577898626,3.192456220904726,8.875868861037137,8.463482312615485,2.9851331505952023,13.7895383928794,5.592617572988027
2015-08-07,8.518011107478358,3.2105078930556967,7.15687481450587,5.744582493679021,6.097844779274327,3.6189384159246782,16.261145073839366,14.531709193176132,6.986487760356142,5.796576920799604,11.330034459963832,13.839446875047184,15.905577475502524,15.31919540353247,40.27543259461299,7.0892488521306145,12.37788483582453,16.468687054911726,187.8247312272475,10.673645718214896,15.963587687620407,24.238166939380523,9.953885528991087,14.147808575426975,14.577771784319102,53.12630807638998,20.00981078176626,14.56977227360372,6.8684707324990075,10.61727537968571,11.859515391011014,4.47496126354339,14.305805079581006,2.3585279584676884,28.057292592584187,4.597483290524911,11.450616635358129,3.4129187200745728,19.78338012036444,25.16642464105488,4.029735799316065,15.598440749292063,12.909701981484819,12.78101693095018,3.2207706884958984,9.036786330846015,8.629241758830304,3.00567305759471,14.19686625606964,5.614664685627927
2015-08-10,8.6887016985138,3.4363018547651087,7.377485642876858,5.8123106902818815,6.5175345009247865,3.78596634281351,17.888863244445574,14.793899681626003,7.33768019322966,6.378080656484914,11.937587032454644,14.362757589790919,17.09657482270199,16.391831618929395,44.30693802157006,7.388443410954417,12.875457377612019,17.110441599861634,192.69893413011476,11.476846482963506,16.35700311878451,25.739760371147515,10.594091382397561,15.18594371043405,15.110597252164,57.746831124875584,21.234202284458842,15.485114603499465,7.082502398384246,11.522020629309042,12.165711947076158,4.588815366487526,15.663788964747202,2.3995458360062565,29.050764150893453,4.74622539698307,12.59567829889394,3.4693305997452266,20.634617193272554,26.139514490602586,4.38793453703305,16.56908607976111,13.638070381218398,14.055673606004511,3.3127927081672097,9.375559951496289,9.27277843237019,3.0741394142597382,15.617546364269753,5.791041586747129
2015-08-11,8.573072588457533,3.42924579346169,7.247714567364512,5.713796949768629,6.410554767955062,3.78596634281351,17.728496922218362,14.460202696326167,7.397457628612385,6.488843272805926,11.806224314078253,14.185963429404522,16.87566402443112,16.382080380607604,48.73466019810524,7.48817493056235,12.629742542161406,17.00197604296869,191.2920412996782,12.1372560006457,15.903062236672081,25.46908687700926,10.78703013273924,14.84275854183667,14.910787701722164,57.47503565143525,20.857466437476507,15.161647765115255,7.004672701698706,11.845571910631293,11.91926106048714,4.494761977098893,15.194046111387825,2.3790368972369724,28.86862769853675,4.665093338914984,12.31368550115751,3.434073174951068,20.421807925045524,25.702070429796738,4.275997431496492,16.390282992569443,13.311560408924036,13.78868470785124,3.270321006780451,9.443314675626343,9.155771764453847,3.046752871593727,16.014939401528526,5.724900248827428
2015-08-12,8.473961922695018,3.3516291191240795,7.117943491852167,5.652225861947847,6.459930029325704,3.7364765866983007,17.624258812770673,14.221847706826285,7.135931348812958,6.62729654320719,11.543498877325469,14.030384568264493,16.741196582005376,16.079791992632106,51.934110450948324,7.263779011444499,12.162884354805247,16.468687054911726,190.13022012357578,11.655335541796532,15.713920202458569,26.023323079292357,10.567781552805515,14.696904845182782,14.677676559540018,58.29042207175623,20.754720297390417,15.037766848287259,6.842527500270495,12.462716021301512,11.695214799951668,4.40070858771026,15.510054940011406,2.3516916455445935,27.974503296058412,4.597483290524911,12.69822113443446,3.3847127802392456,20.08288946083211,25.068222913118873,4.28159428677332,16.288109799888492,13.15249144806268,13.814522343156394,3.2066134547003124,9.307805227366233,9.155771764453847,2.9988264219282077,16.08448318304881,5.59996661053466
2015-08-13,8.506998811282521,3.542142774316395,7.130920599403401,5.615283209255376,6.649201864579832,3.7550352452415043,17.768588502775163,14.182121875242974,7.16582006650432,6.636526761233942,11.73233278499153,14.17181989657361,16.98131701490849,17.6887463157275,53.90528878009933,7.3967543709217445,12.543742349753694,16.64946298306663,190.16652703532895,11.851673506512858,15.82740542298668,27.318689086954013,10.795800075936588,14.799860395761996,14.744279743020632,58.88254792460838,20.88315297249803,15.147883218801033,7.121417246727017,12.324907142219812,11.695214799951668,4.41060894448801,15.527136498315384,2.3585279584676884,28.206313326330577,4.597483290524911,12.792218733679938,3.377661295280414,20.1617077083236,25.282481228615616,4.3095785631574595,16.441369588909918,13.16086349863433,13.857585068664987,3.2278493053936916,9.324743908398746,9.311780655008972,3.00567305759471,16.571289653690805,5.607315648081293
2015-08-14,8.529023403674193,3.4574700386753663,7.098477830525314,5.578340556562908,6.60805581343763,3.7550352452415043,18.215238503156073,14.09472504575968,7.307791475538296,6.848821775849213,11.912956522759071,14.009169269018123,17.32709043828898,17.288945544534098,54.45999222950866,7.596217410137612,12.635885413047673,16.432531869280744,190.59313324842907,11.958766941812675,15.986284731726027,27.13179548385855,10.7081006439631,14.954293721630817,14.79423213063109,58.232180184590455,21.182829214415797,15.319940047728805,7.0695307822699895,12.1751148823484,11.695214799951668,4.395758409321385,15.612544289835272,2.3448553326214987,28.057292592584187,4.583961280846897,12.911852041810546,3.36355832536275,19.956780264845722,25.077150342931237,4.275997431496492,16.50097061797381,13.068770942346175,13.745621982342648,3.2136920715981057,9.299335886849978,9.311780655008972,2.991979786261705,16.35272348319848,5.585268535441394
2015-08-17,8.435418886009595,3.577423080833491,6.994660970115437,5.516769468742125,6.780869228234879,3.724104147669498,17.849796803360253,13.76897322677651,7.412401987458067,6.858051993875964,12.167471789613332,13.832375108631727,17.63444459240497,17.83501489055435,54.8661143978262,7.912033888896067,12.476170770004774,17.19179076753134,187.18028354362818,11.86059795945451,15.736617246564192,27.170463125878296,10.532701780016119,14.679745586752913,15.360359190216299,57.94097074876153,20.71190940568788,15.07217821407281,7.14736047895553,11.875530362605575,11.53091420889232,4.336356268654879,15.313617019515668,2.3311827067753095,27.29563106454708,4.5433952518128535,12.69822113443446,3.32124941560976,19.523279903642518,24.229044510756633,4.2088351681745575,16.177422174484125,12.825981475768316,13.521695809697967,3.164141753313553,9.155357098073612,9.311780655008972,2.964593243595694,16.263310049815257,5.482382009788526
2015-08-18,8.187642221603308,3.217563954359116,6.624813404905253,5.362841749190169,6.130761620188088,3.6065659768958764,16.501722977446786,13.347879411993386,6.799683274785122,6.184246077923144,10.952366644631704,12.898901941791548,17.35590489023736,16.05053827766674,49.378512416169634,7.122492691999927,11.229167980092924,15.573846210544954,182.49669192746524,10.673645718214896,15.093534330238251,24.45083897048915,9.971425415385784,13.701667856250383,14.1864780813705,52.14590297576594,18.913851954181283,13.854015865264186,6.622010026328128,10.689175664423988,11.23218586151169,4.1581498466553635,13.801899109613675,2.2970011421598353,25.904770882914107,4.347326111481644,11.424980926472998,3.2648375359391055,18.490760861503976,23.264882091021292,3.8562332857344015,15.045002622270239,11.729242850882121,12.169526228728172,3.0013335646643102,9.42637599459383,9.311780655008972,2.9166667939301743,14.639970837245242,5.585268535441394
2015-08-19,8.259222146876235,3.3375169965172415,6.787027249295686,5.49829814239589,6.204824512244052,3.5818210988382715,16.737229850648536,13.610069900443255,7.008904298624665,6.802670685715459,11.206881911485963,12.990834905192477,17.336695255605107,16.09929446927569,50.13132424036801,7.155736531869238,11.302882430728106,16.116173995009664,183.00498869201007,10.602250094681686,15.328070452663006,24.354169865439776,10.09420462014867,13.770304889969859,14.436240019422799,52.34974958084619,19.085095520991434,14.129306791548624,6.771183611642081,10.719134116398271,11.269526904934269,4.168050203433114,13.938551576045493,2.2833285163136456,26.004118038745034,4.306760082447601,11.536068998308561,3.2225286261861155,18.632633706988663,23.28273695064602,3.9177986937795084,15.18123354584484,11.762731053168723,12.44512767198316,3.0013335646643102,9.138418417041096,9.311780655008972,2.875586979931158,14.789358294768153,5.438287784508725
2015-08-20,8.083025407742875,3.196395770448859,6.650767620007722,5.393627293100559,5.97440662584772,3.4642829280646494,16.038830157705412,13.355824578310047,6.717489301133873,7.088807444544738,10.747112397168591,12.658461883666048,16.193721994986266,15.494717693324693,45.55502078274105,6.848231013078109,10.541166440831214,16.468687054911726,177.05973189242337,10.620099000564988,14.579067997177498,23.12324992781104,10.111744506543367,13.049616035915362,14.019970122668969,47.37006822817159,18.237439865281186,13.406668110051982,6.537694521585458,10.281740717573747,10.985734974922671,4.083897170822231,13.494431060142084,2.2696558904674564,25.292130088623395,4.232389029218521,11.083171474671262,3.2084256562684517,18.2543061190295,22.38999396940959,3.8114584435197787,14.483050062525,11.243663917726401,11.997275326693801,2.9730190970731374,8.740359412777027,8.599990091851218,2.8618937085981524,13.454830340896818,5.210467620563089
2015-08-21,7.829742595238672,3.090554850897572,6.508019436944141,5.239699573548603,5.686384267852308,3.390048293891836,14.780086525075367,13.141305087760154,6.411129944797401,6.784210249661957,10.385864921633512,12.022002906275018,14.89707165730943,15.104668160453084,44.217789252915,6.923029652784059,9.834736288910708,16.31502751598006,169.12667167434896,9.834747141699676,14.200783928750475,21.705436387086838,9.322449618781961,12.03721978855309,13.487144654824068,47.50596596489176,17.03873489761012,12.264210765971576,6.23934735095755,10.197857052045755,10.657133792803977,3.9700430678780965,12.794087169679013,2.2696558904674564,24.33177424892444,4.144495966311427,10.59609300585379,3.2013741713096198,17.363659922375643,20.988387488868405,3.660343351045426,13.214399586736507,10.565527821422725,11.532197891201006,2.8880756942996193,8.469340516256809,7.858947861714379,2.8413538015986446,13.554421979245424,4.989996494164087
2015-08-24,7.086412602019809,2.780088153547131,5.91107248958735,4.876430155405985,5.3078405973440494,3.0869235376861788,13.30207787256783,11.901859142360768,5.7685225144330925,6.110404333709137,9.351383514419423,10.88344851338662,13.4083249733101,13.593226220575595,39.79997249511928,6.233219975495851,8.851876947108263,14.688044162585925,153.97761274532579,8.85305731811804,12.793567194201946,19.533603826977497,8.39283563986297,10.836071698462263,12.13843018934166,42.7592521608803,15.334861407849107,11.03916614400584,5.636167201644605,9.179269684920152,9.678798455132414,3.5839291535458133,11.512970296880715,2.0577301898515192,21.897768931066736,3.7861627098440445,9.536483705268411,2.891108833121022,15.645422127061124,19.667127876638492,3.2965477580516147,11.894662514607539,9.510649449394782,10.447017208384482,2.619088252183478,8.054342830960225,7.069152853279062,2.6017215532710476,12.19997569770437,4.490261940993015
2015-08-25,6.822117493319771,2.5049017627137853,5.586644800806486,4.599360260212463,5.743988739451391,2.777612561966121,11.970245899978622,11.687339651810875,5.193164698874352,5.501209943943573,8.415424145987629,9.978262412208265,12.06365054905264,12.237804093846753,35.81799416185945,5.609897977946266,7.967303539486063,13.223759144531206,160.2859386624445,7.969536476894565,11.74950316534336,17.580887904980077,7.550921092917467,9.755038417380515,11.430771364860151,38.488180435389424,13.802231484898249,9.94488471202521,5.2470187182169,8.262541054507107,9.111214595109216,3.5344273696570587,10.359965111362245,1.8731497409279612,20.78839235762139,3.4143074436986476,8.579417240223552,2.7430276489855556,14.983348848132593,19.06006264939772,2.9663332967187706,10.702641933329762,8.556235684226644,9.404899251076548,2.3642580438629235,7.249755481915829,6.367112845781004,2.3894758476094626,10.984957709851361,4.041970650648377
2015-08-26,7.169004823488573,2.272051739700955,5.91107248958735,4.784073523674811,5.826280841735794,2.82710231808133,11.669771613479837,12.783772603510332,5.342608287331167,5.1504616589270364,7.98028514136583,10.621793156014752,10.853443567220927,11.35044140656384,32.23223257817773,5.053063660135304,7.647874253400268,11.913133665408152,166.90287332946536,7.318051412154024,12.301797905246817,16.124406722236124,7.726319956864447,9.677821754446105,12.121779393471508,34.644215882447625,13.348436032851344,9.917355619396767,5.4415929599307535,8.32844964885053,9.656393829078866,3.851238786545087,9.326530833971617,1.9346765572358138,21.82325856419354,3.5562885453177993,7.724893610719214,2.8558514083268633,15.873995044786449,19.595708438139575,2.80962134896759,10.566411009755159,8.363678521078686,8.62115764682017,2.463358680432028,7.266694162948342,6.103847842969231,2.5058686539400092,9.889449688016684,4.152206213847879
2015-08-27,7.697595040888652,2.3920047818590797,6.39122546898303,5.085771853996646,5.760447159908271,2.938454269340551,12.4899852063549,14.007328216276392,5.7909390527016145,5.482749507890071,8.440054655683202,11.682558118333136,11.458547058136782,12.003774374123788,35.45149366849972,5.260837659318499,8.280589954685592,12.301801910941196,178.87507748008343,7.817820776886495,13.111325811680645,17.73555847305908,8.305136207889479,10.415669866930473,13.095850951875468,38.10960816881182,14.341648720350227,10.598700661950744,5.915056948101128,8.675967691752206,10.433087532268505,4.237352700877371,10.25747576153838,2.037221251082235,24.008895992473928,3.826728738878088,8.493964877273118,2.989829622544667,17.31636897388075,21.559742996859715,3.0223018494870493,11.622200667458333,9.20088357824372,9.404899251076548,2.6827958042636166,7.436080973273478,6.5523734033152135,2.663341274269573,10.875406907667895,4.571101354005982
2015-08-28,7.840754891434506,2.5542941918377196,6.410691130309883,5.0488292013041765,6.204824512244052,3.1116684157437837,12.879789686137105,13.745137727826522,6.074881870769565,5.94426040922762,8.883403830203525,11.98664407419774,12.255746895375134,13.056908112877133,38.99763357722364,5.78442813726015,8.888734172425854,13.124332384046006,174.86316373135472,8.406834671035478,13.618226463372858,19.243596511829363,8.612084219796694,10.861810586107065,13.262358910577,41.92445177817072,15.206428732741495,11.128635695048283,6.109631189814982,9.173277994525295,10.54511066253624,4.316555555099377,11.28236925977702,2.0577301898515192,24.547026419891445,3.934904816302204,9.339943270482413,2.9827781375858358,17.576469190602673,22.122171075038665,3.2853540474979592,12.660961459714681,10.121809141125258,10.343666667163859,2.7181888887525827,7.740977231858724,6.835139517446375,2.663341274269573,11.96095576566771,4.681336917205484
2015-08-31,8.237197554484567,2.7942002761539695,6.728630265315129,5.276642226241073,6.451700819097263,3.0621786596285743,12.23823647982889,13.546508569909955,6.276630715186267,6.045792807521879,9.441695383303193,12.234155898738695,12.130884270265513,12.94964449133744,37.52172618504525,5.875848696900756,9.77945045093432,13.006828030745321,177.3320337305724,8.558550371043548,13.830065541691992,19.04381369472732,8.80502297013837,10.424249496145407,13.412216073408377,46.02079784216425,14.22177822358312,10.984107958748954,6.531208713528329,9.29910349281728,10.888648262023965,4.653167685542907,11.79481600889634,2.04405756400533,25.076877917656386,4.306760082447601,9.903928865955276,2.9545721977505086,17.820805757826296,22.71138144265471,3.4308722846954836,12.422557343459127,11.134827260294948,10.507305024096508,2.9800977139709306,7.571590421533587,6.825388961786681,2.642801367270064,12.34936315522728,4.703384029845384
