,600000.SH,600016.SH,600019.SH,600028.SH,600029.SH,600030.SH,600031.SH,600036.SH,600048.SH,600050.SH,600104.SH,600196.SH,600276.SH,600309.SH,600340.SH,600519.SH,600585.SH,600690.SH,600703.SH,600837.SH,600887.SH,601066.SH,601088.SH,601111.SH,601138.SH,601166.SH,601186.SH,601211.SH,601229.SH,601288.SH,601318.SH,601319.SH,601328.SH,601336.SH,601390.SH,601398.SH,601601.SH,601628.SH,601668.SH,601688.SH,601766.SH,601800.SH,601818.SH,601857.SH,601888.SH,601939.SH,601988.SH,601989.SH,603259.SH,603993.SH
1,浦发银行,民生银行,宝钢股份,中国石化,南方航空,中信证券,三一重工,招商银行,保利发展,中国联通,上汽集团,复星医药,恒瑞医药,万华化学,华夏幸福,贵州茅台,海螺水泥,海尔智家,三安光电,海通证券,伊利股份,中信建投,中国神华,中国国航,工业富联,兴业银行,中国铁建,国泰君安,上海银行,农业银行,中国平安,中国人保,交通银行,新华保险,中国中铁,工商银行,中国太保,中国人寿,中国建筑,华泰证券,中国中车,中国交建,光大银行,中国石油,中国中免,建设银行,中国银行,中国重工,药明康德,洛阳钼业
2019-03-20,9.580706802531624,5.21909400187464,5.746201694256203,4.417858472272224,8.21471982337931,21.48811954730506,12.02194528823,28.4857029778745,11.860041693410158,6.759989100475011,22.181766755661705,28.81307740593644,41.59601843778714,36.4826085939318,22.240238633017018,756.8435524071888,30.46602572343517,15.495773695115288,15.16858006641566,12.772476703407586,25.368357439654627,25.034785791974084,15.21530333017574,9.6596154145011,13.655541239099822,15.584996211049516,10.610942933715352,17.535227855128536,7.701429320795131,2.9637684418420607,68.06099131688819,9.304835210817835,5.04484745065206,46.12172072222022,6.59744710935125,4.5490267740086106,27.934109366287508,27.495039292577374,5.347476232390532,21.077523049204185,8.322966260674363,11.471080278448575,3.348575007024634,6.881365607235159,62.37541603407568,5.827133814204911,3.0029772945035504,5.311292383619008,39.40716498471984,4.609905417591374
2019-03-21,9.50605194433008,5.194931529643739,5.72306262703101,4.425221569726011,8.254452446466999,21.785593514979478,12.040299403173861,28.229711225051947,11.670214999639503,6.712913967463346,22.005187111283806,28.687970523412332,41.412977652582356,36.2881289745796,22.163185837753023,750.1132962966052,31.44906722589959,15.458702466179606,15.158893872248088,13.038569968061912,25.06894549562437,24.66113227269089,15.348901115513868,9.679288765650796,13.87315942617711,15.366554215638578,10.5121947338246,17.79336065096545,7.682429083983959,2.9478769220466607,67.39416253194155,9.35071704124593,4.982565383360059,48.6967766401721,6.570808695719953,4.532809209751894,28.310441519415697,27.476347899448495,5.330364308446883,21.232639019696162,8.322966260674363,11.489202048240752,3.3165312270531064,6.92564723919935,62.57125721471641,5.770005051320551,3.0029772945035504,5.331259648219079,39.46154277315009,4.60045889009631
2019-03-22,9.447987054617766,5.170769057412837,5.715349604622612,4.40313227736465,8.174987200291625,21.69810117154583,11.81087296637558,28.556321392446232,11.505148309404149,6.590518621633019,22.064046992743105,28.639852491672293,41.830539443830766,36.73896809216878,21.904008253683216,757.9891279153733,30.854285812643806,15.449434658945687,14.848935658885827,12.81835485248592,25.332065082802476,23.473105698559703,15.682895578859188,9.698962116800493,13.682743512484484,15.206923526684433,10.503217624743622,17.686547080274316,7.61276154900966,2.955822681944361,66.43392908161837,9.167189719533548,4.974780124948559,48.98779323363926,6.553049753299089,4.524700427623537,28.34465353333644,26.999717374662143,5.347476232390532,20.931531547564678,8.269269704153883,11.59793266699382,3.292498392074461,6.881365607235159,62.91397928083771,5.737360043958057,3.010900717444193,5.311292383619008,40.51981819413875,4.515440142640732
2019-03-25,9.149367621811585,5.0660650110789325,5.553376134046263,4.285322718104057,7.976324084853188,20.73568539377565,11.29695774794743,27.51469977751311,11.108988252839302,6.4116331161886935,21.509082396126853,27.773727920351558,40.72657470806441,35.740050047314334,21.22454269544616,740.4236367898784,29.714288103903552,15.152864827460228,14.248391620496447,12.23111454428327,24.651583391824616,23.185679914495708,14.821932073346806,9.394025173980195,13.30191168509923,14.71122822940577,10.269812788638207,17.099072441473055,7.460759654520283,2.9081481225581616,64.27340381839123,8.662489584824492,4.826860215130058,45.81306675945202,6.473134512405197,4.435503824211604,28.14793445329216,25.532443014045338,5.18491295492586,19.90046656723564,8.135028312852684,11.625115321682086,3.2203998871385235,6.730808058556913,61.30808159958364,5.582296258986218,2.9554367568596946,5.800490366320758,39.17292220378955,4.354849175224639
2019-03-26,9.199137527279282,5.041902538848031,5.476245909962286,4.196965548658612,7.777660969414753,20.044495880649794,11.09506248356494,27.797173435800055,11.001694904186321,6.195087504335038,21.626802159045454,27.215558752167084,40.92677556688214,36.27044900918395,21.32260988941852,737.9415565221454,29.772114074636754,15.22700728533159,13.676906164609775,11.781508683315618,24.814898997659302,23.655142028466905,14.413716618146971,9.207128338058075,12.912012433252421,14.728031459821995,10.018453734370839,16.716323813163143,7.4164257686275485,2.9160938824558613,64.62904583702944,8.405551334427157,4.819074956718557,45.05465987950729,6.366580857880009,4.419286259954888,28.498607595979788,25.139923758338927,5.116465259151261,19.152260121333153,8.045534051985218,11.163010191981552,3.20437799715276,6.677670100199885,62.326455738915485,5.557812503464349,2.9475133339190522,5.471030500419579,37.41610134681233,4.260383900273996
2019-03-27,9.190842543034666,5.033848381437731,5.499384977187479,4.2116917435661865,8.035923019484718,20.096991286709986,11.287780690475497,28.60045790155357,11.298814946609957,6.242162637346702,21.349319860737328,27.937329228267696,42.53410246196165,39.57660253817123,20.979374710515266,752.7385735028612,30.936894342262665,15.681129839793703,13.686592358777348,11.845738092025284,25.586111580767543,23.080290460338908,14.443405014888777,9.718635467950191,12.921079857713975,14.812047611903123,10.063339279775727,16.832038514745207,7.4227591808979385,2.931985402251261,65.9893765583206,8.506491361368967,4.811289698307057,45.698423858995255,6.357701386669577,4.467938952725034,28.60979664122221,25.22403502741887,5.133577183094911,19.143135652480684,8.027635199811725,11.072401343020664,3.2203998871385235,6.686526426592723,64.10861048274622,5.631263770029957,2.9554367568596946,5.441079603519472,37.79256295902174,4.232044317788803
2019-03-28,9.149367621811585,4.993577594386229,5.460819865145492,4.15278696393589,8.016056707940876,19.97450200590287,11.067531311149146,28.706385523411175,11.04296157674516,6.242162637346702,21.32409419725477,27.533137761651354,44.510031477763235,38.63072438950375,20.53807233763965,770.208600002674,30.854285812643806,15.273346321501194,13.705964747112489,11.698928014974621,25.676842472897924,22.25633654602212,14.27269673362339,9.876022277147763,12.966416980021744,14.728031459821995,10.009476625289862,16.734126074945,7.410092356357157,2.9160938824558613,65.26031042011226,8.24955311097163,4.756792889426556,44.7989180246422,6.322183501827847,4.419286259954888,28.002533394129003,24.653947536988138,5.099353335207612,19.234380341005377,8.135028312852684,11.027096918540218,3.20437799715276,6.633388468235695,66.38036817817881,5.565973755304972,2.9395899109784094,5.441079603519472,37.813477493033375,4.279276955264124
2019-03-29,9.356742227926988,5.106335798130434,5.576515201271456,4.226417938473761,8.492848184993122,21.680602702859098,11.728279449128198,29.942207778416577,11.75274834475718,6.3928030629840285,21.92110156634195,28.65909970436831,45.040158689486006,40.24844122320607,21.728888264446862,815.2583568620272,31.539936608480335,15.857218177238193,14.209646843826162,12.873408631379917,26.411762699154014,24.479095942783694,14.554736502670549,10.662956323135633,13.374451080791658,15.265734833141224,10.33265255220505,17.935778745220304,7.587427899928098,2.9637684418420607,68.54999909251573,8.80013507610878,4.858001248776057,47.347517888642514,6.455375569984332,4.51659164549518,29.11442384655318,26.467012670489165,5.236248726756809,20.4479346983838,8.14397773893943,11.335167005007241,3.284487447081579,6.730808058556913,68.62274969651527,5.672070029233073,2.987130448622265,5.830441263220865,39.2440316194291,4.402081812699961
2019-04-01,9.489461975840847,5.2029856870540385,5.815618895931781,4.300048913011631,8.641845521571947,22.11806442002736,11.88428942615103,30.083444607560047,12.107641728763191,6.571688568428353,22.358346400039604,29.32312854238087,45.26735606593863,41.53907869708881,22.51342581622573,820.0411346086972,32.795586258686996,16.756195478928493,14.819877076383115,13.222082564375238,27.01058658721453,25.27430727869408,14.955529858684933,10.938383239231387,14.108912462177507,15.669012363130642,10.467309188419712,18.185010410166292,7.720429557606303,2.99555148143286,69.88365666240904,9.02036786216364,4.920283316068058,49.07598008014446,6.535290810878224,4.573353120393683,29.75589910756713,26.93429749871108,5.338920270418708,20.758166639367758,8.27821913024063,11.50732381803293,3.3325531170388705,6.810514996092455,68.52482910619491,5.827133814204911,3.0346709862661205,6.409491936622937,39.762712062917615,4.676031110056825
2019-04-02,9.489461975840847,5.194931529643739,5.846470985565372,4.27795962065027,8.59217974271234,22.04807054528044,11.59062358704923,30.445363982240202,11.917815034992532,6.534028462019022,22.21540097363845,28.928560682112536,44.94377192371823,42.03411772816711,22.303281829142104,811.4493182973139,32.9112382001534,16.561571527016163,14.626153193031701,13.332190122163235,26.593224483414776,25.590475641164478,14.821932073346806,10.751486403309269,14.516946562947423,15.80343820646045,10.359583879447982,18.060394577693298,7.707762733065522,2.9796599616374606,70.20373447918342,9.451657068187743,4.889142282422058,49.243535088504345,6.526411339667791,4.589570684650398,29.78155811800769,27.00906307122658,5.296140460559584,20.45705916723627,8.224522573720149,11.462019393552486,3.3245421720459887,6.783946016913941,68.95567970360453,5.843456317886158,3.0346709862661205,6.459410098123115,39.32350684867331,4.751603330017339
2019-04-03,9.539231881308543,5.235202316695241,6.000731433733323,4.314775107919205,8.770976546606931,22.8879970422435,11.856758253735237,30.771974149634488,12.058121721692585,6.571688568428353,22.846042560702372,28.870819044024486,45.15031499322061,41.39763897392358,22.4573874196701,806.1987638848019,33.976888232236675,16.839605744033783,14.75207371721012,14.662656445434859,26.61137066184085,25.647960797977277,14.962951957870386,11.04658667055472,14.580418534178294,15.946265664998371,10.772530897172945,18.65677034738549,7.815430741662164,2.971714201739761,71.00392902111942,9.277306112560977,4.904712799245058,50.3635080391204,6.650723936613844,4.622005813163828,30.166443274616064,27.00906307122658,5.424479890136956,21.27826136395851,8.376662817194843,12.096281336278711,3.3405640620317523,6.845940301663807,70.13072678744898,5.9005850807705205,3.042594409206763,6.5292955242233655,39.41134789152217,4.73271027502721
2019-04-04,9.713426550445483,5.283527261157042,5.985305388916528,4.3663167900957145,9.585495319904517,22.748009292749657,12.260548782500214,31.416367182601594,12.008601714621978,6.505783382212023,24.056874407865102,28.495498396452167,45.53586205629173,41.92803793579319,22.26125303172538,825.7690121496195,34.654278175111315,16.90448039467122,14.568036028026276,14.515846368384198,27.01965967642757,24.728198288972486,15.200459131804838,11.695807258494712,14.362800347101008,16.19831412124176,10.934118860630539,18.79918844164034,7.872431452095681,3.01144300122826,71.30622473696191,9.203895183876023,4.928068574479559,52.12724496922442,6.650723936613844,4.7112024165757616,30.46579839642257,27.429619416626306,5.398812004221481,21.551995429532592,8.403511095455084,12.395290537849645,3.388629731989044,6.845940301663807,70.84554709678767,6.071971369423606,3.0822115239099763,6.639115479523759,38.951228143266235,4.7893894399975965
2019-04-08,9.721721534690099,5.323798048208545,6.154991881901275,4.439947764633585,9.059038063992661,22.144312123057453,12.664339311265191,31.71649544453147,11.93432170401607,6.3739730097793625,23.611221019673263,28.100930536183835,44.04875195587457,44.46511297006953,21.99507064808612,859.3725603896964,36.810360798163536,16.774731093396337,13.967491989636896,14.139645545941876,26.59225116099637,23.971310390937298,15.237569627732096,10.928546563656539,14.163317008946827,16.349543194987792,10.86230198798272,18.274021719075577,7.980099460692323,3.01144300122826,71.65297570513417,8.91942783522183,4.959209608125559,52.91210790312071,6.650723936613844,4.719311198704119,30.79081252866964,28.14923805208805,5.46725969999608,20.968029422974553,8.367713391108095,12.793969473277558,3.4126625669676893,6.881365607235159,70.61053768001878,6.023003858379867,3.0901349468506187,6.718984537924045,38.59986397187079,4.808282494987725
2019-04-09,9.572411818287007,5.283527261157042,6.047009568183708,4.388406082457076,9.029238596676898,22.23180446649111,12.44408993193884,31.09858431702877,12.313975091557383,6.402218089586361,24.031648744382544,29.544471488385057,44.62707255048124,44.4562729873717,23.914385730116567,863.9548624224342,35.70340650127082,17.1176399610514,13.977178183804467,13.965308579444216,28.80362634489474,24.268317034470094,15.007484552983096,10.98756661710563,14.698295052178494,16.047085047495727,10.808439333496855,18.318527373530216,7.891431688906853,3.00349724133056,72.10641927889787,8.937780567393068,4.935853832891058,51.87150311435934,6.730639177507736,4.6868760701906895,30.29473832681885,27.438965113190743,5.535707395770679,20.767291108220228,8.41246052154183,12.612751775355779,3.3966406769819257,6.845940301663807,71.70724829160693,5.982197599176751,3.066364678028691,6.539279156523401,39.3527871962896,4.685477637551889
2019-04-10,9.522641912819312,5.259364788926142,6.023870500958515,4.344227497734353,8.979572817817287,21.829339686696304,12.847880460703816,30.957347487885297,12.091135059739655,6.3739730097793625,24.57820478650461,30.554950154925915,45.253586527971805,43.4043150463303,24.17356331418637,904.9951050031419,36.34775303229792,16.811802322332017,13.851257659626048,13.607459016633227,29.258909470991462,24.354544769689294,15.022328751353998,10.958056590381085,14.41720489387033,16.11429796916063,10.745599569930013,18.122702493929797,7.904098513447634,2.99555148143286,72.93328697223173,8.790958710023162,4.904712799245058,51.69512942134894,6.650723936613844,4.662549723805617,30.029595218933085,27.167939912822032,5.587043167601628,20.66692195084306,8.349814538934602,12.793969473277558,3.3405640620317523,6.810514996092455,70.89450739194787,5.965875095495504,3.058441255088048,6.51931189192333,40.82517039070859,4.676031110056825
2019-04-11,9.514346928574696,5.2271481592849405,5.923601209649346,4.292685815557844,8.691511300431557,21.36563026649795,12.09536174800545,30.86024716784916,11.719735006710108,6.23274761074437,24.36799092414997,29.159527234464733,44.04875195587457,41.3092391469453,23.389025762407503,883.2387168102057,34.654278175111315,16.163055815957577,13.463809892923223,13.29548760290057,28.17180486378092,23.185679914495708,14.755133180677742,10.574426242961998,14.208654131254596,15.88745435854158,10.467309188419712,17.94467987611123,7.8344309784733355,2.9637684418420607,71.75966831072562,8.671665950910112,4.896927540833558,51.615761259494256,6.535290810878224,4.646332159548901,29.80721712844825,26.775420657115625,5.43303585210878,20.092080413137495,8.27821913024063,12.368107883161379,3.3085202820602246,6.748520711342589,70.7476265064673,5.9005850807705205,3.058441255088048,6.30965561362258,39.68741974047573,4.619351945086438
2019-04-12,9.530936897063928,5.24325647410554,5.838757963156974,4.285322718104057,8.641845521571947,21.23439175134747,11.911820598566825,30.719010338705683,11.472134971357079,6.23274761074437,23.796209218545346,28.96705510750457,44.48937717081299,40.98215978712571,22.77960819986499,872.5466787338175,34.44775685106417,15.95916405681132,13.570358028766499,13.405595160688565,27.87447710796265,23.530590855372502,14.78482157741955,10.525242865087755,14.244923829100811,15.946265664998371,10.557080279229487,18.060394577693298,7.923098750258807,2.971714201739761,71.51960994814483,8.763429611766304,4.896927540833558,50.43405751632456,6.570808695719953,4.646332159548901,29.926959177170854,26.719346477728998,5.475815661967905,20.17420063280972,8.260320278067137,12.86645655244627,3.3165312270531064,6.766233364128265,69.89571737068007,5.892423828929897,3.066364678028691,6.30965561362258,40.26047797239449,4.581565835106181
2019-04-15,9.514346928574696,5.235202316695241,5.800192851114986,4.27795962065027,8.532580808080809,20.823177737209303,11.81087296637558,30.736664942348618,11.422614964286472,6.20450253093737,23.59440391068489,28.197166599663916,43.615011509919576,40.85840002935613,23.087819380920973,865.864154936075,34.69558243992074,15.894289406173876,12.495190476166156,13.12115063640291,27.87447710796265,23.14735647662051,14.851620470088614,10.50556951393806,14.054507915408184,16.097494738744405,10.458332079338735,17.85566856720195,7.859764627554899,3.00349724133056,72.60431810499138,8.781782343937543,4.896927540833558,52.64754736360511,6.570808695719953,4.7112024165757616,30.73949450778852,27.065137250613212,5.569931243657978,19.727101659038723,8.25137085198039,12.594630005563602,3.3405640620317523,6.7396643849497515,71.39390240258174,6.014842606539244,3.0822115239099763,6.319639245922615,38.90521616844064,4.581565835106181
2019-04-16,9.912506172316268,5.388231307490948,5.91588818724095,4.344227497734353,8.711377611975399,21.43562414124487,12.132069977893176,31.778286557281742,11.950828373039604,6.524613435416689,23.98119741741743,28.73608855515237,44.6546116264149,42.175557451332345,23.255934570587875,897.2720167854651,35.73644991311836,16.339144153402064,12.892324437036553,13.488175829029563,28.68283694409357,23.501848276966104,15.141082338321223,10.849853159057751,14.761767023409371,17.30732732871267,10.709691133606103,18.176109279275366,8.163768416533655,3.0909006002052593,75.58282001108643,8.91942783522183,5.06041796747506,54.64057009462266,6.6862418214555746,4.865269277014556,32.11652806809847,28.130546658959176,5.715382597179,20.110329350842434,8.367713391108095,12.85739566755018,3.4767501269107446,6.845940301663807,73.11730479222025,6.308647672801677,3.169369176257045,6.4494264658230795,39.277494873847715,4.685477637551889
2019-04-17,9.879326235337805,5.347960520439446,5.908175164832552,4.329501302826779,8.76104339083501,21.313134860437756,12.031122345701931,31.6282224263168,11.71148167219834,6.449293222598025,25.410651681428988,28.870819044024486,44.427414249962276,41.97223784928232,22.975742587809705,908.8232364929916,35.174711911710126,16.478161261910877,12.979500184544689,13.258785083637903,28.599213512769683,23.204841633433308,15.052017148095807,11.017076643830174,16.23975721064262,17.080483718093618,10.584011606472417,17.9980866614568,8.087767469288965,3.082954840307559,75.1115943363908,8.818487808280018,5.037062192240559,54.9227680034393,6.650723936613844,4.873378059142913,32.07376305069754,27.887558548283778,5.664046825348052,19.90046656723564,8.394561669368336,12.612751775355779,3.508793906882272,6.801658669699617,74.59590570605785,6.333131428323545,3.193139445078973,6.479377362723187,39.29422650105702,4.638245000076568
2019-04-18,9.879326235337805,5.323798048208545,5.954453299282937,4.307412010465418,8.810709169694617,21.243140985690836,12.077007633061589,31.336921466208384,11.554668316474755,6.468123275802692,24.838869975824366,28.303026269492005,44.152023490625766,41.441838887412715,22.653521807614815,902.6180358236592,35.05905997024372,16.561571527016163,12.814834883695987,13.176204415296906,28.654962466985605,22.783283816806115,14.992640354612192,10.958056590381085,17.78121936910674,16.912451413931358,10.628897151877306,17.837866305420093,8.03710017112584,3.051171800716759,74.95155542800359,8.717547781338208,4.974780124948559,55.478345136422064,6.677362350245141,4.816616584244411,32.81787435347372,28.121200962394735,5.604155091545278,19.7635995344486,8.33191568676111,12.60369089045969,3.4527172919320988,6.7928023433067795,76.60327780762543,6.194390147032952,3.169369176257045,6.738951802524116,38.88011872762668,4.553226252620989
2019-04-19,9.962276077783965,5.3399063630291455,5.969879344099732,4.322138205372992,8.82064232546654,21.43562414124487,12.049476460645796,31.778286557281742,11.719735006710108,6.731744020668013,24.914546966272034,28.60135806628026,44.372336098094976,41.830798126117095,23.599169749491125,909.357838396811,35.174711911710126,17.015694081478273,12.737345330355422,13.323014492347568,28.93370723806523,23.12819475768291,15.207881230990287,10.820343132333207,16.22162236171951,17.05527887246928,10.763553788091968,17.989185530565873,8.100434293829746,3.0591175606144594,77.35213905381154,8.818487808280018,4.998135900183059,56.81878520330113,6.704000763876438,4.849051712757841,33.6902807084527,29.32679581920727,5.646934901404402,20.000835724612802,8.41246052154183,12.821152127965824,3.460728236924981,6.783946016913941,77.00475222793895,6.218873902554822,3.193139445078973,6.679050008723902,38.88011872762668,4.581565835106181
2019-04-22,9.713426550445483,5.235202316695241,5.846470985565372,4.3663167900957145,8.413382938817747,20.814428502865937,11.186833058284252,30.719010338705683,11.059468245768695,6.807064233486676,23.897111872475577,28.052812504443793,42.781954462926635,41.32691911234096,22.345310626558827,906.1502269738946,33.629932407837465,16.38548318957167,12.766403912858134,12.754125443776253,28.7850433601561,24.115023282969297,14.851620470088614,10.230142597842306,15.487160980333663,16.273928658114777,10.557080279229487,17.561931247801322,8.062433820207403,3.00349724133056,75.53836475875664,8.69919504916697,4.8813570240105575,54.67584483322474,6.624085522982547,4.727419980832477,32.35601216554368,27.924941334541533,5.475815661967905,19.4351186557597,8.287168556327376,12.494960271706622,3.3806187869961617,6.845940301663807,76.37806044988858,6.014842606539244,3.113905215672547,6.499344627323258,38.39908444535911,4.364295702719703
2019-04-23,9.705131566200865,5.211039844464339,5.823331918340179,4.329501302826779,8.26438560223892,20.95441625235978,11.278603633003565,31.09858431702877,11.059468245768695,6.618763701440018,23.88870331798139,27.841093164787612,43.26388829176553,42.255117295612784,22.36632502526719,930.732368087019,33.55558473118049,16.40401880403951,13.076362126220396,12.89175989101125,28.320468741690053,26.04077603619807,14.762555279863195,10.033409086345337,15.5778352249492,16.30753511894723,10.269812788638207,17.624239164037817,8.138434767452091,2.99555148143286,76.51638031001174,8.790958710023162,4.8813570240105575,53.820432422124284,6.499772926036495,4.7112024165757616,31.98823301589568,28.15858374865249,5.458703738024255,19.553736750841804,8.126078886765937,12.060037796694356,3.3966406769819257,6.819371322485293,75.79053690796637,6.03116511022049,3.129752061553832,6.159901129122043,37.3324432107658,4.298170010254252
2019-04-24,9.638771692243937,5.186877372233439,5.831044940748575,4.285322718104057,8.304118225326606,21.15564864225718,11.31531186289129,31.601740520852395,11.026454907721623,6.684668887656348,23.897111872475577,28.043188898095785,43.27077306074894,41.38879899122575,22.177195436891928,926.0068691157583,33.63819326079935,16.190859237659335,13.88031624212876,13.020218708430578,28.562047543292397,25.63837993850848,14.769977379048644,10.131775842093822,15.351149613410358,16.299133503739114,10.359583879447982,17.677645949383386,8.087767469288965,2.99555148143286,75.60060211201834,8.726724147423827,4.865786507187558,53.626421359812845,6.526411339667791,4.7112024165757616,31.740195914970286,27.756718796381644,5.475815661967905,19.681479314776375,8.14397773893943,12.150646645655245,3.388629731989044,6.775089690521103,77.19080134954764,6.047487613901737,3.0980583697912616,6.109982967621865,37.186041472684366,4.345402647729574
2019-04-25,9.572411818287007,5.138552427771636,5.576515201271456,4.219054841019974,8.145187732975858,20.560700706908346,10.902344276654382,31.275130353458113,10.976934900651019,6.421048142791028,23.031030759574456,27.504266942607327,43.99367380400727,40.24844122320607,21.868984255835944,909.1764556080151,32.63036919944927,15.773807912132908,13.657533776274635,12.689896035066589,28.292594264582092,25.887482284697274,14.502781808372388,9.807165548123827,14.66202535433228,16.17310927561742,9.98254529804693,17.20588601216419,7.916765337988416,2.971714201739761,74.15136088606762,8.662489584824492,4.850215990364558,52.788646318013434,6.357701386669577,4.646332159548901,31.47505280708452,27.56045916852844,5.321808346475057,19.334749498382543,7.929191512857511,11.525445587825109,3.3565859520175163,6.65110112102137,77.67061224211746,5.982197599176751,3.0822115239099763,5.880359424721044,36.85140892849822,4.20370473530361
2019-04-26,9.389922164905453,5.058010853668632,5.545663111637865,4.167513158843464,7.986257240625109,20.639443815998632,10.939052506542108,30.33060905856113,10.927414893580412,6.317482850165366,22.349937845545416,27.263676783907123,42.912765073611475,38.88708388774073,21.420677083390878,902.140712695249,32.62210834648739,15.523577116817052,13.715650941280058,13.12115063640291,27.87447710796265,26.586885025919667,14.376606122219712,9.679288765650796,14.516946562947423,15.921060819374032,9.695277807455652,17.196984881273263,7.752096618958257,2.955822681944361,73.8935204225549,8.396374968341538,4.811289698307057,52.11842628457391,6.215629847302658,4.630114595292186,30.970425601753547,28.111855265830297,5.219136802813159,19.4351186557597,7.750202991122579,11.271740810734618,3.276476502088697,6.571394183485828,75.69261631764599,5.92506883629239,3.058441255088048,5.760555837120615,36.93088415774244,4.128132515343095
2019-04-29,9.522641912819312,5.138552427771636,5.522524044412672,4.167513158843464,8.21471982337931,20.140737458426813,11.287780690475497,31.18685733524344,11.108988252839302,6.317482850165366,22.467657608464016,27.792975133047573,44.97131099965188,40.04512162115605,21.644830669613413,927.8875222416943,33.29123743640014,15.449434658945687,13.105420708723107,12.781652333223253,28.57133903566172,23.932986953062098,14.487937610001485,9.817002223698674,14.054507915408184,16.33273996457157,9.677323589293696,16.840939645636137,7.8344309784733355,2.971714201739761,76.84534917725209,7.891674833632483,4.858001248776057,51.22773913487137,6.180111962460929,4.703093634447404,31.457946800124148,28.96231365319418,5.253360650700459,18.677787741004746,7.607012173734633,11.135827537293284,3.3405640620317523,6.553681530700152,78.3168881382319,6.047487613901737,3.0822115239099763,5.520948661919758,37.64197831413797,3.93920196544181
2019-04-30,9.929096140805502,5.154660742592237,5.53023706682107,4.182239353751038,8.42331609458967,20.15823592711354,11.24189540311584,30.410054774954336,11.133748256374604,6.279822743756034,23.022622205080268,28.004694472703754,45.26735606593863,39.98324174227126,22.009080247225032,929.8254541430397,33.00210758273414,15.922092827875638,12.650169582847287,12.827530482301585,28.80362634489474,22.38088771911652,14.614113296154162,9.984225708471095,13.981968519715755,16.73601749456099,9.731186243779561,16.760829467617782,8.024433346585058,2.9876057215351604,76.55194451187555,7.8824984675468635,4.873571765599057,50.66334331723809,6.251147732144388,4.7112024165757616,30.944766591312987,28.31746059024794,5.2448046887286335,18.613916459037462,7.732304138949086,11.163010191981552,3.3405640620317523,6.56253785709299,75.87866543925469,6.071971369423606,3.0822115239099763,5.660719514120258,37.027091014195946,3.976988075422067
2019-05-06,9.788081408647027,5.017740066617131,5.321985461794336,4.00552501486015,7.598864165520161,18.145912028139534,10.461845518001681,29.933380476595104,10.589028178597937,5.705506121013728,21.963144338812878,25.560298460309678,44.20021687350966,37.56992646576451,20.4540147428062,864.9095086792546,31.812544756222568,15.125061405758464,11.381278146895529,11.542942308108293,27.87447710796265,20.138966603417344,14.020345361318036,9.030068177710804,12.621854850482704,16.248723812490436,9.013017517301364,15.256538347050919,7.796430504850992,2.9002023626604614,72.19532978355744,7.166741912868568,4.819074956718557,46.192270199424385,5.975884124620985,4.638223377420543,29.336801937038015,25.77543112472073,4.953901981686589,16.752524813133714,7.302731686785248,10.066643119554792,3.2364217771242876,6.5005435723431235,74.42944070251322,5.835295066045536,2.9950538715629076,5.111619737618293,33.81461859000905,3.693592250570138
2019-05-07,9.788081408647027,5.025794224027431,5.298846394569143,4.012888112313937,7.7081288790113005,18.1546612624829,11.122593655980733,29.756834440165765,10.679814858227381,5.724336174218394,22.005187111283806,25.97411353327403,45.53586205629173,38.003085617958035,20.874302716973453,849.6351685701287,32.366021904668926,15.532844924050973,11.274730011052252,11.62552297644929,28.3855091882753,20.752141609420537,14.027767460503487,9.098924906734743,12.8576078864831,16.072289893120065,9.06688017178723,15.327747394178344,7.682429083983959,2.9081481225581616,72.16865663215957,7.267681939810379,4.764578147838057,45.962984398510855,5.984763595831417,4.589570684650398,29.105870843072996,25.859542393800677,4.996681791545713,16.834645032805938,7.365377669392474,10.347530551333548,3.2364217771242876,6.456261940378933,74.81133100476266,5.802650058683043,2.9950538715629076,5.161537899118471,33.81880149681137,3.750271415540524
2019-05-08,9.54752686555316,4.985523436975929,5.198577103259974,3.9613464301374273,7.578997853976317,17.734698014001367,10.874813104238587,29.244850934520674,10.597281513109705,5.6207708815927315,21.803381803423353,25.64691091744175,44.220871180459895,37.66716627544061,20.80425472127891,844.2891495319346,31.762979638451256,15.282614128735114,11.303788593554964,11.350254081979298,28.004558001133145,19.803636522009352,13.76057188982723,8.941538097537169,12.658124548328919,15.652209132714416,8.977109080977455,15.087416860123282,7.486093303601846,2.868419323069662,70.04369557079625,7.221800109382284,4.710081338957556,45.10757198741041,5.931486768568822,4.532809209751894,28.421630564658113,25.233380723983313,4.928234095771114,16.68865353116643,7.293782260698501,10.356591436229637,3.1883561071669964,6.411980308414743,71.8835053541836,5.721037540276811,2.9475133339190522,5.161537899118471,33.4632544186136,3.750271415540524
2019-05-09,9.22402248001313,4.929144335103826,5.152298968809588,3.939257137776066,7.360468426994038,17.30598553117647,10.88399016171052,28.618112505196503,10.324921474221371,5.4795454825577385,21.4838567326443,24.742291920728988,43.02980614632949,35.660490203033895,20.243870755722575,819.8597518199014,31.159937372233582,14.735813501933798,11.081006127700839,11.056633927877977,27.11257473367834,19.573695894758153,13.6269741044891,8.646437830291717,12.540248030328721,15.139710605019529,8.914269317410612,14.90049311141379,7.346758233653249,2.852527803274262,68.1587928720137,7.322740136324096,4.671155046900055,44.049329829348,5.8782099413062285,4.476047734853391,27.463694174877283,24.298811067539486,4.834118514081041,16.49703968526457,7.249035130264767,10.265982587268748,3.1402904372097047,6.385411329236229,72.11851477095249,5.631263770029957,2.923743065097124,5.101636105318257,31.271411254194412,3.712485305560267
2019-05-10,9.389922164905453,4.985523436975929,5.298846394569143,3.9981619174063625,7.569064698204396,18.058419684705882,11.425436552554466,29.668561421951093,10.704574861762685,5.714921147616061,22.139723983190777,25.50255682222163,44.145138721642354,37.21632715785143,20.832273919556727,865.9787124868934,32.20906569839309,15.22700728533159,11.778412107765927,11.717279274605954,28.116055909564995,20.924597079858938,13.812526584125392,8.971048124261713,12.893877584329315,15.526184904592725,9.084834389949183,15.550275666451547,7.467093066790673,2.9002023626604614,72.35536869194463,7.671442047577623,4.710081338957556,46.950677079369115,5.975884124620985,4.5490267740086106,28.86638674562779,25.24272642054775,4.902566209855641,17.327366350839284,7.347478817218981,10.456261170086615,3.1723342171812323,6.447405613986096,75.54573543216544,5.712876288436188,2.97128360274098,5.271357854418865,32.74379444861341,3.7786109980257168
2019-05-13,9.381627180660837,4.945252649924427,5.214003148076769,3.95398333268364,7.350535271222117,17.533465624103968,11.205187173228115,28.95354997441225,10.572521509574402,5.6019408283880665,21.45863106916174,24.963634866733173,44.17956256655942,35.42181067019256,21.070437104918167,851.5444610837694,31.647327696984853,14.587528586191068,11.313474787722534,11.405307860873297,28.246136802735485,20.455134965887744,13.76057188982723,8.656274505866566,12.58558515263649,15.257333217933109,8.950177753734522,15.078515729232356,7.321424584571687,2.860473563171962,69.92811191473882,7.469561993694002,4.663369788488556,45.134028041361965,5.904848354937526,4.492265299110107,28.01963940108937,23.766106363366504,4.8512304380246905,16.871142908215816,7.257984556351514,10.329408781541371,3.132279492216823,6.411980308414743,75.41843866474895,5.680231281073696,2.9395899109784094,5.171521531418507,33.379596282567064,3.693592250570138
2019-05-14,9.298677338214677,4.921090177693526,5.1445859464011905,3.9466202352298536,7.161805311555603,17.393477874610124,10.975760736429834,28.741694730697045,10.597281513109705,5.639600934797398,21.240008652312916,24.742291920728988,43.39469890245037,35.52789046256648,21.00038910922363,846.3607319092348,31.50689319663279,14.63386762236067,11.323160981890105,11.304375932900967,27.893060092701294,20.41681152801254,13.66408460041636,8.538234398968385,12.34076469217454,15.257333217933109,8.878360881086703,14.927196504086576,7.289757523219733,2.8445820433765623,69.61692514843038,7.359445600666571,4.647799271665555,44.851830132545324,5.895968883727093,4.476047734853391,27.96832138020826,24.046477260299653,4.8170065901373915,16.579159904936798,7.1863891476575406,10.25692170237266,3.108246657238177,6.394267655629067,73.58732362575805,5.6475862737112035,2.9158196421564817,5.131587002218364,33.701680106346224,3.6746991955800095
2019-05-15,9.389922164905453,4.9533068073347275,5.244855237710359,3.976072625045002,7.281003180818664,17.760945717031465,11.140947770924596,29.686216025594028,10.688068192739149,5.733751200820726,21.61839360455127,25.377449939697524,45.033273920502594,36.26160902648613,21.217537895876706,884.9570800724823,32.71297772906813,15.07872236958886,10.645127390160159,11.597996087002292,28.831500822002702,21.42280177223653,13.80510448493994,8.715294559315655,12.594652577098044,15.593397826257627,8.968131971896478,15.078515729232356,7.340424821382859,2.868419323069662,71.60852045280438,7.552149288464574,4.671155046900055,46.16581414547282,5.931486768568822,4.51659164549518,28.695326676024063,24.410959426312747,4.876898323940165,16.9350141901831,7.231136278091275,10.356591436229637,3.124268547223941,6.438549287593257,76.18221926924784,5.729198792117434,2.97128360274098,5.181505163718543,34.09487334576494,3.712485305560267
2019-05-16,9.373332196416222,4.945252649924427,5.27570732734395,4.00552501486015,7.360468426994038,17.699701076627907,11.150124828396528,29.7215252328799,10.712828196274453,5.677261041206729,21.88746734836521,25.598792885701712,44.25529502537696,36.24392906109047,21.967051449808302,887.7351006798295,33.38210681898089,15.180668249161986,10.122072905111342,11.533766678292627,29.175286039667576,21.240765442329334,13.931280171092617,8.764477937189898,12.540248030328721,15.584996211049516,9.057903062706252,15.042911205668641,7.334091409112468,2.8763650829673617,71.99083562284046,7.561325654550194,4.671155046900055,45.78661070550046,5.95812518220012,4.532809209751894,28.481501589019416,24.326848157232803,4.902566209855641,16.9350141901831,7.275883408525008,10.392834975813994,3.132279492216823,6.447405613986096,77.35726635309227,5.712876288436188,2.9950538715629076,5.221439692918686,34.07814171855563,3.825843635501038
2019-05-17,9.323562290948525,4.896927705462625,5.214003148076769,3.9834357224987884,7.0922732211521495,17.18349625036936,10.737157242159618,29.403742367307082,10.415708153850815,5.507790562364737,21.424996851184996,24.896269622297115,43.208810139898226,35.20081110274689,21.511739477793782,865.6636792221426,32.17602228654555,14.62459981512675,9.657135585067952,11.09333644714064,28.255428295104807,20.225194338636545,13.708617195529069,8.361174238621114,11.96900028925084,15.366554215638578,8.878360881086703,14.508843352212951,7.188422926893481,2.868419323069662,70.32820918570681,7.341092868495333,4.640014013254055,43.969961667493315,5.816053642833202,4.51659164549518,27.85713233496584,23.691340790851,4.8170065901373915,16.351048183625068,7.150591443310555,10.111947544035237,3.1002357122452953,6.376555002843391,75.58490366829358,5.6475862737112035,2.9554367568596946,5.041734311518042,33.65566813152063,3.7030387780652023
2019-05-20,9.406512133394685,4.921090177693526,5.206290125668372,4.020251209767724,7.022741130748698,17.384728640266758,10.636209609968374,29.377260461842678,10.374441481291978,5.536035642171736,20.92048358153386,24.25148799698057,41.48073312506163,34.14001317900765,21.014398708362535,844.823751435754,31.754718785489366,14.661671044062432,8.688516168310885,11.139214596218974,27.948809046917216,20.828788485170936,13.56759731100549,8.20378742942354,11.96900028925084,15.299341293973676,8.815521117519861,14.61565692290409,7.2200899882454355,2.9002023626604614,69.2346099783943,7.497091091950859,4.647799271665555,43.48493401171471,5.798294700412337,4.5490267740086106,28.070957421970487,23.850217632446448,4.740002932390968,16.414919465592348,7.1595408693973015,10.066643119554792,3.108246657238177,6.4031239820219055,74.42944070251322,5.680231281073696,3.026747563325478,5.07168520841815,32.831635491462265,3.721931833055331
2019-05-21,9.389922164905453,4.929144335103826,5.214003148076769,4.034977404675298,7.132005844239837,17.699701076627907,10.911521334126315,29.686216025594028,10.481734829944957,5.667846014604396,20.987752017487345,24.742291920728988,41.86628018813275,35.996409545551316,21.161499499321074,854.4083998542305,32.58906493463984,15.032383333419256,9.560273643392243,11.249322154006968,28.106764417195674,21.41322091276773,13.678928798787263,8.302154185172023,12.241023023097451,15.408562291679143,8.860406662924747,14.740272755377083,7.25809046186778,2.9160938824558613,69.52801464377083,7.533796556293336,4.663369788488556,44.305071684213075,5.842692056464499,4.573353120393683,28.661114662103323,24.07451434999297,4.757114856334617,16.852893970510877,7.195338573744287,10.130069313827414,3.132279492216823,6.4031239820219055,74.73299453250635,5.712876288436188,3.010900717444193,5.161537899118471,33.93173998047419,3.835290162996102
2019-05-22,9.257202416991596,4.921090177693526,5.136872923992794,4.012888112313937,7.141939000011759,17.62095796753762,10.9665836789579,29.597943007379357,10.514748167992028,5.611355854990399,20.59254995626062,24.78078634612102,42.038399412718064,36.14668925141437,20.78324032257055,847.7258760564879,32.43210872836401,14.884098417676526,9.783056109246369,11.148390226034639,28.153221879042277,21.039567393484536,13.641818302860004,8.361174238621114,12.123146505097251,15.290939678765561,8.600070499576402,14.553349006667593,7.2200899882454355,2.9160938824558613,69.03011581767733,7.451209261522762,4.663369788488556,44.111060621901636,5.780535757991472,4.58146190252204,28.738091693424998,23.78479775649538,4.688667160560019,16.807271626248532,7.114793738963568,9.903547191425192,3.124268547223941,6.367698676450553,75.36947836958876,5.696553784754943,3.0188241403848353,5.091652473018221,34.287287058671964,3.788057525520781
2019-05-23,9.207432511523898,4.896927705462625,5.106020834359203,4.020251209767724,6.983008507661011,17.542214858447334,10.920698391598245,29.43905157459295,10.374441481291978,5.4983755357624045,19.62556618942927,24.318853241416626,41.04010791012322,35.45717060098387,20.362952348403297,821.9504271223379,32.05210949211726,14.93043745384613,9.724938944240945,11.047458298062308,27.790853676638765,21.259927161266933,13.515642616707328,8.125094024824755,11.823921497865982,15.164915450643868,8.42950542703783,14.491041090431095,7.112421979648793,2.924039642353561,68.0380386542916,7.414503797180287,4.640014013254055,43.56430217356939,5.718379459518446,4.58146190252204,28.13082844633179,23.495081162997796,4.688667160560019,16.907640783625695,6.989501773749115,9.93072984611346,3.1002357122452953,6.376555002843391,73.7635806883347,5.680231281073696,3.0029772945035504,5.021767046917971,33.08260989960187,3.7030387780652023
2019-05-24,9.215727495768514,4.913036020283226,5.136872923992794,3.9687095275912143,7.102206376924072,17.559713327134062,11.040000138733351,29.659734120129627,10.374441481291978,5.38539521653441,19.734877397853683,24.155251933500487,41.356807283360205,35.48369054907735,20.173822760028035,838.6567366166944,32.341239345783265,14.939705261080052,9.35686356587326,11.029107038430976,27.781562184269443,21.55693380479973,13.619552005303651,8.223460780573237,11.696977555404231,15.324546139598011,8.420528317956853,14.499942221322021,7.226423400515826,2.931985402251261,68.994034425415,7.5705020206358125,4.663369788488556,43.95232429819227,5.727258930728878,4.622005813163828,28.139381449811975,23.644612308028808,4.714335046475493,16.971512065592982,6.971602921575623,9.92166896121737,3.0922247672524135,6.341129697272039,73.73420451123859,5.721037540276811,3.0029772945035504,4.971848885417793,33.34195012134612,3.6652526680849453
2019-05-27,9.306972322459293,4.945252649924427,5.206290125668372,3.9981619174063625,7.241270557730977,18.049670450362516,11.29695774794743,29.818625552916036,10.465228160921422,5.51720558896707,19.945091260208326,24.30922963506862,42.13478617848584,35.86513563235761,20.56609153591747,839.1340597451047,32.35776105170704,14.967508682781812,10.296424400127616,11.359429711794967,27.883768600331972,22.764122097868515,13.686350897972716,8.400520940920508,12.023404836020163,15.215325141892544,8.50132229968565,14.80258067161358,7.277090698678951,2.939931162148961,69.6073147314187,7.744852976262576,4.663369788488556,44.47262669257296,5.7894152292019045,4.58146190252204,28.29333551245532,23.981057384348585,4.765670818306442,17.555478072151015,7.070046608529836,10.039460464866526,3.1162576022310593,6.3588423500577145,74.2140154038084,5.704715036595565,3.0188241403848353,5.091652473018221,33.62638778390434,3.721931833055331
2019-05-28,9.365037212171604,4.977469279565629,5.399115685878311,4.00552501486015,7.241270557730977,18.014673512989056,11.608977701993092,30.348263662204065,10.637071203706059,5.696091094411395,20.836398036592005,24.59793782550886,43.04357568429632,36.190759431873175,20.979374710515266,847.7258760564879,32.845151376458304,15.106525791290624,10.51920686598174,11.286024673269635,28.199679340888885,22.543762330086118,13.790260286569035,8.380847589770811,12.150348778481915,15.164915450643868,8.600070499576402,14.775877278940797,7.289757523219733,2.955822681944361,70.51821636239475,7.671442047577623,4.671155046900055,44.97529171765261,5.77165628678104,4.5976794667787555,28.57558462730146,24.027785867170778,4.791338704221917,17.610224885265836,7.204287999831036,10.084764889346971,3.1402904372097047,6.3588423500577145,76.37806044988858,5.721037540276811,3.042594409206763,5.151554266818436,33.04496373838093,3.7313783605503956
2019-05-29,9.22402248001313,4.937198492514127,5.352837551427926,3.9834357224987884,7.161805311555603,17.979676575615596,11.544738299689573,30.23350873852499,10.50818908088248,5.6207708815927315,20.424378866376905,24.33810045411264,42.62360477630814,36.67454336258202,20.692177928167645,870.551468057063,32.869933935343965,14.874830610442608,10.722616943500725,11.304375932900967,27.800145169008086,22.96532014671331,13.716039294714522,8.361174238621114,12.35889954109765,14.854055687943688,8.50132229968565,14.642360315576873,7.207423163704654,2.924039642353561,71.95221001907986,8.35049313791344,4.647799271665555,48.326391884850246,5.727258930728878,4.58146190252204,30.62830546254611,25.18665224116112,4.765670818306442,17.491606790183734,7.150591443310555,10.00321692528217,3.1002357122452953,6.332273370879201,75.10509277572378,5.680231281073696,3.042594409206763,5.201472428318614,33.34613302814845,3.7786109980257168
2019-05-30,9.215727495768514,4.937198492514127,5.33741150661113,4.02761430722151,7.102206376924072,17.68220260794118,11.333665977835153,30.277645247632325,10.456636231753047,5.5831107751834,20.22257355851645,23.943532593844306,42.62360477630814,35.837225020970564,20.6991827277371,864.2412562994803,32.448630434287786,14.698742272998114,10.596696419322305,11.185092745297304,27.930226062178576,22.534181470617316,13.84963708005265,8.282480834022328,12.21382074971279,14.786842766278786,8.456436754280762,14.45543656686738,7.1694226900823095,2.9478769220466607,71.3299108850467,8.313787673570966,4.655584530077055,46.54501758544519,5.709499988308013,4.5976794667787555,29.89274716325011,24.644601840423704,4.791338704221917,17.06275675411767,7.1326925911370616,9.903547191425192,3.108246657238177,6.367698676450553,74.2433915809045,5.704715036595565,3.0822115239099763,5.131587002218364,33.04496373838093,3.8730762729763595
2019-05-31,9.232317464257747,4.921090177693526,5.237646345666979,3.9981619174063625,7.141939000011759,17.612208733194255,11.076708368621077,30.198199531239123,10.448044090231475,5.5831107751834,20.138488013574595,23.80880210497219,42.79572400089346,35.390655238777775,20.75522112429273,849.6351685701287,32.6716734642587,14.735813501933798,10.383600147635752,11.102512076956307,27.883768600331972,22.03597677823972,13.649240402045457,8.321827536321722,12.404236663405417,14.761637920654445,8.438482536118807,14.304117341721602,7.131422216459964,2.924039642353561,71.2487414327815,8.313787673570966,4.640014013254055,45.504412796683816,5.709499988308013,4.5490267740086106,29.439437978800253,24.410959426312747,4.799894666193742,16.998885472150388,7.078996034616582,9.894486306529103,3.0762028772666494,6.332273370879201,75.78074484893432,5.696553784754943,3.0742881009693335,5.121603369918328,33.128621874427466,3.80695058051091
2019-06-03,9.356742227926988,4.969415122155328,5.3041561405325925,4.00552501486015,7.26113686927482,17.664704139254447,10.975760736429834,30.365918265846997,10.465228373274618,5.733751200820726,20.516872965812947,23.73181325418813,43.52550951313521,35.62324366700319,20.594110734195283,851.5444610837694,32.506456405020984,14.874830610442608,10.441717312641174,11.276849043453968,28.422675157752582,22.447953735398116,13.775416088198133,8.666111181441416,12.132213929558807,14.828850842319348,8.492345190604674,14.277413949048817,7.207423163704654,2.9637684418420607,71.47421213351815,8.396374968341538,4.663369788488556,45.68078648969421,5.709499988308013,4.622005813163828,29.687475079725644,24.49507069539269,4.8170065901373915,17.172250380347307,7.087945460703328,9.885425421633014,3.1162576022310593,6.314560718093524,75.02675630346748,5.721037540276811,3.0742888461508384,5.121603369918328,32.75634316902039,3.759717943035588
2019-06-04,9.4148071176393,4.977469279565629,5.279214967457987,3.9981619174063625,7.141939000011759,17.612208733194255,10.984937793901764,30.039308098452715,10.439451948709904,5.771411307230058,20.743903937155963,23.010042778087517,42.706222004109094,35.56742244422909,20.36995714797275,835.6018685948692,31.564719167365993,14.62459981512675,10.044583351770777,11.396132231057631,28.143930386672956,22.419211156991718,13.879325476794454,8.656274505866566,11.860191195712197,14.845654072735577,8.384619881632942,14.152798116575823,7.2200899882454355,2.9796599616374606,70.31980214574651,8.084378521430486,4.694510822134556,44.08460456795007,5.673982103466284,4.646332159548901,29.35390794399839,24.336193853797237,4.782782742250092,17.22699719346212,7.070046608529836,9.849181882048658,3.124268547223941,6.28799173891501,74.12588687252007,5.778166303161173,3.0742888461508384,5.031750679218007,32.425893531636575,3.6841457230750736
2019-06-05,9.464577023107,4.985523436975929,5.270901243099786,4.034977404675298,7.151872155783681,17.78719342006156,11.09506248356494,29.968689683880978,10.791729751094353,5.959711839276716,20.617775619743178,21.95144607980662,40.620137002135046,35.362744627390725,20.741211525153822,832.069677444634,31.30863272554753,14.578260778957148,10.247993429289762,11.680576755343289,27.985975016394505,22.30424084336612,14.03518955968894,8.715294559315655,11.860191195712197,14.963276685649156,8.474390972442716,14.224007163703249,7.226423400515826,2.99555148143286,69.8959172283616,7.9834384944886745,4.725651855780556,43.68776375867667,5.7006205170975806,4.670658505933973,28.934810773469273,24.354885246926113,4.842674476052866,17.299992944281875,7.078996034616582,9.92166896121737,3.1402904372097047,6.28799173891501,72.99980008383581,5.843456317886158,3.0909066236975997,5.021767046917971,32.2878576071598,3.693592250570138
2019-06-06,9.514346928574696,4.993577594386229,5.237646345666979,4.034977404675298,7.012807974976775,17.559713327134062,10.9665836789579,29.92455317477364,10.774545468051208,5.724336174218394,20.651409837719918,21.604996251278322,39.917890565826944,35.176673884810405,20.524062738500746,823.029177392545,31.622545138099195,14.420708055980496,9.957407604262642,11.542942308108293,27.87447710796265,21.777293572582128,13.998079063761681,8.557907750118082,11.633505584173355,15.00528476168972,8.420528317956853,14.152798116575823,7.264423874138171,2.99555148143286,69.54418293521242,7.864145735375626,4.725651855780556,43.36147242660743,5.665102632255851,4.646332159548901,28.97757579087021,24.364230943490554,4.8512304380246905,17.10837909838002,7.043198330269595,9.812938342464303,3.1402904372097047,6.225997454165144,72.39269242384952,5.843456317886158,3.0909066236975997,4.991816150017864,32.279491793555145,3.6463596130948166
2019-06-10,9.630476707999321,5.017740066617131,5.279214967457987,4.07915598939802,6.933342728801402,17.56846256147743,11.205187173228115,30.66604652777688,10.989349006090507,5.80907141363939,20.415970311882724,21.816715590934507,40.36540054974877,35.59533305561614,20.80425472127891,831.5732613910873,32.085152903964804,14.800688152571242,9.802428497581511,11.368605341610632,28.506298589076472,19.966511132978948,14.213319940139776,8.459540994369599,10.590751771094682,15.274136448349335,8.546207845090537,14.277413949048817,7.296090935490124,3.01144300122826,71.33892971307615,7.974262128403055,4.756792889426556,44.587269593029724,5.691741045887149,4.6868760701906895,29.5933920414436,24.719367412939206,4.911122171827465,16.779898219691123,7.150591443310555,9.903547191425192,3.1563123271954687,6.24371010695082,74.36089628928896,5.941391339973636,3.107524401244361,4.991816150017864,32.98222013634603,3.693592250570138
2019-06-11,9.76732146768599,5.058010853668632,5.378979659756406,4.094607695888357,7.20153793464329,18.452135230157317,11.856758253735237,31.266303051636648,11.109638987392513,5.912636706265052,20.643001283225736,22.692463768603247,41.39123112827726,37.30718388735512,21.434686682529787,869.5777288751062,33.61341070191369,15.217739478097672,10.780734108506149,12.038426318154276,30.132309753707627,21.106633409766136,14.361761923848809,8.843171341788684,10.971583598479937,15.475775213344047,9.120742826273094,14.847086326068222,7.365758470464423,3.02733452102366,73.68382500073733,8.378022236170299,4.787933923072557,45.86597886735514,5.88708941251666,4.694984852319046,30.140784264175505,25.28945490336994,5.107909297179436,17.67409616723312,7.338529391132234,10.42001763050226,3.1803451621741146,6.296848065307849,77.06350458213117,5.957713843654882,3.124142178791122,5.1415706345184,33.88991091245092,3.8163971080059738
2019-06-12,9.921272243884193,5.049956696258332,5.320783589248996,4.063704996296747,7.181671623099446,18.20715666854309,11.838404138791375,31.18685733524344,11.032309713698366,5.818486440241722,20.802763818615258,22.394131971814993,41.54958081489576,37.009470699226604,21.210533096307255,865.5777610590288,33.81993202596084,15.115793598524542,10.751675526003435,11.818211202578285,29.500488272593806,20.41681152801254,14.435982915703324,8.872681368513229,10.799302533710417,15.416963906887256,9.075857280868206,14.686865970031514,7.410092356357157,3.02733452102366,72.61960329326033,8.222024012714774,4.803504439895557,45.53968753528589,5.895968883727093,4.670658505933973,29.901300166730294,25.037121096130107,5.073685449292137,17.564602541003488,7.284832834611755,10.25692170237266,3.1883561071669964,6.252566433343658,77.40622664825246,5.916907584451766,3.09921551247098,5.081668840718185,33.78952114919508,3.835290162996102
2019-06-13,10.006800452883194,5.058010853668632,5.312469864890794,4.055979321398844,7.132005844239837,18.382141355410397,11.88428942615103,31.116238920671705,10.937796156961076,5.799656387037057,20.668226946708288,22.625098524167193,42.20363386831997,36.82339995664628,20.944350712667994,868.728093706536,33.63819326079935,15.050918947887098,10.635441195992588,11.900791870919281,29.32394991757671,20.158128322354944,14.480515510816035,8.715294559315655,10.826504807095079,15.416963906887256,8.950177753734522,14.749173886268013,7.397425531816375,3.00349724133056,72.59254680917194,8.295434941399726,4.795719181484057,45.30158304972185,5.8338125852540665,4.646332159548901,29.986830201532158,25.037121096130107,5.065129487320312,17.756216386905344,7.231136278091275,10.148191083619592,3.1723342171812323,6.252566433343658,76.86766340149043,5.892423828929897,3.09921551247098,5.07168520841815,33.839716030823006,3.825843635501038
2019-06-14,10.083775840982296,5.0660650110789325,5.3041561405325925,4.025076621807234,7.042607442292541,18.075918153392614,11.737456506600129,31.20451193888638,11.066678279784655,5.714921147616061,20.432787420871094,22.403755578163004,42.189864330353146,36.13493820909908,21.00038910922363,871.5920324769971,33.69601923153255,15.134329212992384,10.335169176797898,11.689752385158956,29.52836274970177,19.449144721663757,14.621535395339613,8.587417776842628,10.70862828909488,15.416963906887256,8.770635572114973,14.402029781521811,7.365758470464423,2.9876057215351604,71.92515353499145,8.194494914457916,4.803504439895557,44.6225443316318,5.7450178731497425,4.654440941677259,29.80721712844825,24.840861468276906,5.047512204988646,17.591975947560897,7.195338573744287,10.01227781017826,3.1563123271954687,6.199428474986631,77.80770106856598,5.892423828929897,3.09921551247098,5.2813414867189,34.38349391512548,3.797504053015845
2019-06-17,10.066670199182495,5.058010853668632,5.337411037965398,4.040527971603039,7.072406909608307,18.13716279379617,11.700748276712405,31.425194484423056,11.032309713698366,5.714921147616061,20.483238747836207,23.269880149483736,42.41017693782235,35.967474540776784,20.944350712667994,870.2555277174487,33.869497143732154,14.958240875547894,10.451403506808745,11.809035572762618,29.27749245573011,19.22878495388136,14.903575164386773,8.607091127992325,10.599819195556236,15.492578443760273,8.896315099248657,14.56225013755852,7.372091882734813,3.0193887611259598,72.07847361149237,8.176142182286677,4.811289698307057,44.7989180246422,5.753897344360175,4.654440941677259,30.055254229373645,24.990392613307915,5.0387032831649305,17.747091918052874,7.222186852004528,10.057582234658703,3.1723342171812323,6.2082848013794685,79.60943993046078,5.92506883629239,3.107524401244361,5.241406957518757,35.55470781977695,3.797504053015845
2019-06-18,10.109434303681997,5.082173325899533,5.337411037965398,4.063704996296747,7.082340065380229,18.242153605916553,11.820050023847513,31.79594116092468,10.99794114761208,5.714921147616061,20.26461633098738,22.971548352695486,43.09176906718021,36.190759431873175,21.09145150362653,875.4106175042787,33.67123667264689,15.134329212992384,10.335169176797898,11.72645490442162,29.286783948099426,18.97010174822376,14.940685660314031,8.675947857016263,10.563549497710023,15.534586519800836,8.878360881086703,14.624558053795017,7.384758707275594,3.0352802809213597,73.0254505545863,8.212847646629154,4.811289698307057,45.27512699577029,5.7450178731497425,4.654440941677259,30.354609351180155,25.07450388238786,5.00346759587007,17.747091918052874,7.204287999831036,9.99415604038608,3.1803451621741146,6.137434190236764,78.36584843339209,5.998520102857998,3.124142178791122,5.201472428318614,35.57562235378858,3.7408248880454598
2019-06-19,10.160751229081399,5.106335798130434,5.370665935398205,4.086882020990455,7.300869492362507,18.854600009952122,11.838404138791375,32.48447070299911,11.032309713698366,5.7431662274230595,20.53369007480132,23.183267692351663,44.32414271521108,37.121113144774796,21.077441904487625,889.7398578191523,34.041819911122445,15.319685357670798,10.51920686598174,12.00172379889161,29.500488272593806,19.420402143257355,14.851620470088614,9.069414880010198,10.735830562479542,15.80513243762727,8.878360881086703,14.882690849631933,7.43542600543872,3.035280780516634,75.34328935815908,8.304611307485347,4.850215990364558,45.73369859759734,5.77165628678104,4.6868760701906895,30.807918535630016,25.215522317871482,5.07393897045979,18.54092070821771,7.26693398243826,10.084764889346971,3.20437799715276,6.146290516629603,80.95095201784986,6.088293873104852,3.140759956337883,5.251390589818793,35.85587710954447,3.7786109980257168
2019-06-20,10.434441497878202,5.154660742592237,5.412234557189212,4.1409617452757725,7.53926523088863,20.16698516145691,12.09536174800545,33.879184390790925,11.341626808474956,5.8843916264580525,21.0129776809699,23.88579095575626,45.102121610336724,38.64689323393346,21.434686682529787,930.7801003998601,34.946729048000385,15.746004490431144,10.79042030267372,12.86423300156425,30.30884810872472,21.365316615423733,14.93326356112858,9.3546784716808,10.955868754471373,16.38986124674987,9.039948844544297,15.674891498924543,7.568427663116925,3.0519124560263147,79.8166280607742,8.974486031735545,4.889142282422058,48.00891923743153,5.869330470095797,4.7355287629608345,31.817172946291965,26.68219699407877,5.162028188696939,20.3293166033017,7.32063053895874,10.293165241957015,3.2364217771242876,6.181715822200954,83.898361786493,6.1535838878298375,3.165686622658025,5.361210545119186,36.111034424486405,3.835290162996102
2019-06-21,10.340360467979302,5.146606585181936,5.437175730263817,4.179590119765285,7.5293320751167085,20.709437690745556,12.049476460645796,33.270100565109686,11.178376119565089,5.903221679662718,21.240008652312916,24.270735209676584,45.37062760068982,39.05624886761017,21.581787473488323,932.0211405337265,34.61061994001715,15.736736683197226,11.148809486873834,13.047745597877578,30.030103337645098,23.501848276966104,14.866464668459516,9.344841796105952,11.29508812176463,16.189133446603307,9.03097173546332,15.781705069615683,7.530427189494581,3.0269649427617944,79.33863017521251,9.057073326506117,4.873571765599057,48.23820503834505,5.869330470095797,4.743637545089192,31.697430897569358,26.56937586513975,5.162028188696939,21.26001242625357,7.32063053895874,10.293165241957015,3.228410832131406,6.225997454165144,83.27167000844263,6.047487613901737,3.1324510675645025,5.4211123389194,35.579805260590916,3.882522800471424
2019-06-24,10.2890435425799,5.162714900002538,5.536940422562236,4.171864444867383,7.489599452029021,20.648193050341998,12.09536174800545,33.50843771428931,11.22133682717295,5.8655615732533875,21.357728415231513,24.39584209220069,45.48078390442442,39.96799550625377,21.833960257988675,942.3313201073865,35.00705632379225,15.91282502064172,10.94539940935485,13.06609685750891,30.039394830014416,23.990472109874897,15.103971842393968,9.30549509380656,11.221743393701223,16.171678855286213,8.968131971896478,16.23566274505302,7.505093540413018,3.0435966182714744,79.5550820479197,8.910251469136211,4.896927540833558,48.81141954062886,5.842692056464499,4.767963891474265,31.731642911490102,26.776214601527954,5.188454954168084,20.794664514777633,7.3116811128719945,10.211617277892215,3.2444327221171694,6.2082848013794685,84.2769741357895,6.071971369423606,3.140759956337883,5.381177809719257,35.59653688780022,3.9297554379467456
2019-06-25,9.972589169283594,5.106335798130434,5.462116903338422,4.16413876996948,7.390267894309804,20.543202238221614,11.976060000870344,31.893041480960818,11.066678279784655,5.790241360434724,21.256825761301286,24.03976865732439,45.460129597474186,40.088941488930985,21.889998654544307,938.3981775292866,34.60200175776117,15.736736683197226,10.94539940935485,13.084448117140242,30.141601246076945,25.37011587338208,15.07428344565216,9.246475040357469,11.038381573542706,15.813859733285819,8.878360881086703,16.208959352380237,7.486093303601846,3.0269649427617944,78.13010721926406,8.772605977851924,4.749007631015056,47.53271026630344,5.798294700412337,4.727419980832477,30.944766591312987,26.24971599981252,5.135601423225794,20.703419826252944,7.231136278091275,10.111947544035237,3.2203998871385235,6.164003169415278,83.30124960772925,5.990358851017374,3.1158332900177412,5.3911614420192935,34.994198308265176,3.9297554379467456
2019-06-26,9.972589169283594,5.106335798130434,5.420548281547414,4.218218494254798,7.499532607800943,20.376966785697675,11.88428942615103,31.310439560743983,10.972164723047362,5.80907141363939,21.525899505115227,24.886646015949108,45.78371373969458,39.49351511267395,22.387339423975554,935.4196812080071,34.89501995446451,16.005503092980923,11.100378516035981,12.772476703407586,30.50396944848046,22.831188114150113,15.081705544837613,9.197291662483225,11.102558210598186,15.813859733285819,8.905292208329636,15.93302429476146,7.505093540413018,3.0103332672521144,77.92267417458636,8.653313218738873,4.733437114192056,47.88545765232424,5.807174171622769,4.743637545089192,30.970425601753547,26.324930085771868,5.14441034504951,20.137702757399843,7.213237425917781,10.157251968515682,3.1953706290274813,6.190572148593792,83.77432816678876,6.023003858379867,3.107524401244361,5.580850455719972,36.3452772054167,3.854183217986231
2019-06-27,9.955483527483795,5.122444112951036,5.437175730263817,4.19504146956109,7.688262567467457,20.928168549329687,11.88428942615103,32.175515139247764,11.015125430655223,5.894498211003686,21.47544817815011,24.944387654037158,46.05910449903109,39.93078135773771,22.905694592115168,951.1617979829749,35.55861998817499,16.051842129150526,11.187554263544117,13.020218708430578,30.764131234821445,21.144956847641335,15.111393941579417,9.364515147255648,11.139230574629892,16.005860237773835,8.914269317410612,16.217860483271163,7.511426952683409,3.0103332672521144,79.41078079944825,8.735900513509446,4.772363406249556,49.02306797224134,5.807174171622769,4.792290237859338,31.00463761567429,26.766812840783036,5.162028188696939,20.356690009859104,7.275883408525008,10.229739047684392,3.1953706290274813,6.190572148593792,85.33154509035967,6.047487613901737,3.1158332900177412,5.5109650296197215,36.395472087044624,3.8730762729763595
2019-06-28,9.989694811083394,5.114389955540735,5.403920832831011,4.2259441691527,7.668396255923613,20.831926971552665,12.003591173286138,31.760631953638804,10.96357258152579,5.847038483056797,21.44181396017337,24.347724060460653,45.439475290523944,39.809835375060494,22.81463219771226,953.2834471280486,35.765456362318524,16.024038707448764,10.926027021019708,13.020218708430578,31.04287600590107,20.196451760230143,15.12623813995032,9.41369852512989,11.047549664550633,15.962223759481104,8.932223535572566,16.33357518485323,7.505093540413018,2.993701591742434,79.91583516909834,8.70837141525259,4.764578147838057,48.52922163181221,5.7894152292019045,4.776072673602623,31.227015706159126,26.62578642960926,5.0651300486360755,20.365814478711577,7.240085704178021,10.25692170237266,3.1786846205208104,6.172629130288317,87.37169637630382,6.071971369423606,3.107524401244361,5.550899558819864,36.25743616256784,3.843955281171383
2019-07-01,10.015353273783095,5.170769057412837,5.487058076413026,4.2336698440506035,7.7975272809585965,21.330633329124485,12.29725701238794,32.57274372121378,11.186968261086662,6.008401558076222,21.90428445735358,25.30046108891346,46.97477877382499,40.84252799638129,23.017771385226432,999.6494489365326,36.16189274609362,16.496696876378717,12.020566961955193,13.286311973084903,31.832652857293347,20.474296684825344,15.141082338321223,9.698962116800493,12.156888676509658,16.22404262923749,9.102788608111139,16.680719289599427,7.701429320795131,3.0103332672521144,82.82891662261586,8.928604201307449,4.795719181484057,51.033728072559924,5.851571527674931,4.800399019987696,31.954021001974937,27.97963997687753,5.1708371105206545,20.767291108220228,7.338529391132234,10.392834975813994,3.212056637534152,6.2174883536189,88.8993458899335,6.088293873104852,3.124142178791122,5.600817720320044,38.106280969196234,3.911903985636534
2019-07-02,9.929825064784092,5.186877372233439,5.520312973845832,4.202767144458993,7.807460436730518,21.129400939227086,12.104538805477382,32.237306251998035,11.341626808474956,5.979925721308088,22.518108935429133,25.541051247613662,48.3379630325407,40.48899358547868,23.227915372310054,993.0035907583839,36.70483822822038,16.66351740658929,11.749353525263215,13.084448117140242,32.027774197049084,20.60842871738854,15.30436852040116,9.679288765650796,12.193561040541363,16.10186049001784,9.03097173546332,16.47599327910808,7.764763443499038,3.0269649427617944,82.12544803631751,8.827664174365637,4.795719181484057,50.557519101431836,5.851571527674931,4.808507802116052,31.680324890608983,27.59416778633587,5.206072797815514,20.43881022953133,7.3116811128719945,10.320347896645282,3.212056637534152,6.199544664286667,89.86521461468,6.104616376786098,3.1324510675645025,6.0201302769215435,40.056969835385885,3.9895596478824205
2019-07-03,9.887060960284593,5.2029856870540385,5.495371800771228,4.156413095071577,7.688262567467457,20.499456066504788,11.856758253735237,31.91069608460375,11.479101072820107,5.885006265414309,22.534926044417503,25.66615813013777,47.07116553959276,39.81913891218951,22.989752186948614,957.0617046928853,36.35149275572519,16.626446177653605,11.788098301933497,12.754125443776253,31.17295689907156,20.378488090137342,15.341479016328417,9.521901956453222,12.294410041628547,15.997132942115288,9.013017517301364,16.155552567034665,7.781867540530761,3.0435966182714744,81.76469491513888,8.58907865613954,4.819074956718557,48.93488112573614,5.869330470095797,4.800042333443421,31.34675775488173,27.293311442498474,5.232499563286659,19.745350596743663,7.383276521565967,10.356591436229637,3.228742646040823,6.172629130288317,86.90847362055804,6.1291001323079675,3.1324510675645025,6.479377362723187,39.337983470825485,3.911903985636534
2019-07-04,9.938377885683993,5.186877372233439,5.495371800771228,4.210492819356896,7.767727813642831,20.648193050341998,11.801695908903648,31.84890497185348,11.719681035424122,5.894498211003686,22.57696881688843,25.51218042856964,45.515207749341485,39.87496013496361,23.389025762407503,950.570851953294,36.86858369108401,16.478161261910877,11.487826282738807,12.653193515803922,31.04287600590107,20.206032619698945,15.237569627732096,9.59075868547716,12.156888676509658,15.962223759481104,9.111765717192117,16.226761614162093,7.65359499865388,3.0435966182714744,81.07926398489946,8.653313218738873,4.834645473541557,47.96482581417893,5.904848354937526,4.808508016571186,30.83357754607057,27.030062141640755,5.329397703347523,19.69060378362884,7.365377669392474,10.474382939878794,3.228742646040823,6.1905728196205505,82.09884160345298,6.120938880467344,3.1324510675645025,6.439442833523044,38.837050347976025,3.9021970278557974
2019-07-05,9.895613781184492,5.178374195089198,5.478744352054825,4.187315794663188,7.718062034783221,20.595697644281806,11.81087296637558,32.193169742890696,11.633759620208401,5.885006265414309,22.677871470818655,25.800888619009882,46.40334294820173,40.45177943696261,22.919704191254073,968.6096098654122,37.316729168394986,16.478161261910877,11.449081506068524,12.717422924513588,31.098624960116997,20.071900587135747,15.296946421215708,9.512065280878375,12.056039675422475,15.944769168164012,9.039948844544297,16.048738996343527,7.670698004237465,3.035280780516634,81.93605264769872,8.662489584824492,4.811289698307057,48.264661092296606,5.860450998885363,4.800042333443421,30.961872598273363,27.612971307825706,5.302970937876378,19.77272400330107,7.3116811128719945,10.400421782172309,3.220399641787487,6.154685440956084,85.25269866384974,6.1535838878298375,3.1158332900177412,6.289688349022508,38.84883700969012,3.8924900700750618
2019-07-08,9.716004542286589,5.101846497624825,5.354038486681802,4.117784720582065,7.449866828941334,20.271975973577295,11.654862989352749,31.38988527713719,11.547838204992683,5.704659299216128,22.02200422027218,25.107988961953296,45.78371373969458,38.953909959190995,22.345310626558827,954.1166013602947,35.99814728323,16.181591430425417,10.964771797689991,12.46050528967493,30.643341834020273,20.464715825356542,14.785243100101294,9.138271609034135,11.62513939804996,15.52585897655379,8.752681353953019,15.648188106251757,7.593734479111337,2.993701591742434,79.89779751303941,8.277082209228487,4.764578147838057,46.465649423590506,5.736138401939311,4.732316868421291,29.875641156289735,26.606982908119424,5.188454954168084,19.35299843608748,7.123743165050315,10.132322020676312,3.1619986120141395,6.055995149628799,83.77432816678876,6.088293873104852,3.0825977349242186,6.080032070721757,38.08859732913035,3.7760065767062323
2019-07-09,9.724557363186488,5.084840342632743,5.337411037965398,4.063704996296747,7.439933673169413,20.324471379637483,11.627331816936955,31.151548127957575,11.58220677107897,5.6571995712692384,22.05563843824892,25.252343057173416,45.76994420172776,38.82366043938477,22.422363421822826,945.5913022396372,36.02400182999793,16.15378800872365,10.867909856014284,12.570612847462925,30.912795112730585,20.531781841638143,14.723217958622104,9.069414880010198,11.652643671073738,15.55204086352943,8.698818699467154,15.826210724070323,7.585182976319543,2.977069916232754,78.94180174191601,8.25872947705725,4.723645556911549,46.16581414547282,5.736138401939311,4.723851185293525,29.82432313540862,26.710402276313527,5.117983579578365,19.35299843608748,7.087945460703328,10.11383238195245,3.1453126035074686,6.020107770964332,83.79403977341624,6.0393263620611135,3.0825977349242186,6.099999335321829,38.01198402798867,3.785713534486968
2019-07-10,9.707451721386688,5.084840342632743,5.279214967457987,4.017350946909332,7.340602115450194,20.298223676607385,11.45296772497026,31.00148399699263,11.565022488035828,5.619231788911727,21.6015764955629,26.2916925427583,46.41022771718514,38.5538578626433,22.114152240766842,951.8496468213925,35.17941996891186,16.042574321916604,10.80979269100886,12.56143721764726,30.81058869666805,20.378488090137342,14.785243100101294,9.020231502135955,11.67097985308959,15.464767906943965,8.644956044981289,16.048738996343527,7.516770953985207,2.9853857539875936,79.25746072294731,8.212847646629154,4.699085874639913,46.43919336963894,5.7006205170975806,4.698454135910226,30.25197330941792,26.578777625884666,5.082747892283505,19.270878216415255,7.052147756356342,10.039873827057002,3.1536556077608036,5.975248547633749,86.67193434102828,5.9541469606522375,3.0742888461508384,6.0001630123214715,37.94126405770403,3.7468857033640246
2019-07-11,9.75021582588619,5.093343420128784,5.270901243099786,4.032802296705136,7.37040158276596,20.280725207920657,11.764987679015924,31.69001353906707,11.5736146295574,5.6571995712692384,21.46703962365593,26.18583287293021,45.89387004342918,38.7864462908687,22.247243432586473,950.8614871505891,35.403492707567345,16.042574321916604,10.780734108506149,12.607315366725592,31.479576147259156,19.439563862194955,14.754230529361699,9.050066309349923,11.725988399137144,15.52585897655379,8.627001826819333,16.07544238901631,7.516770953985207,2.9853857539875936,79.34764900324198,8.277082209228487,4.707272435397125,46.84485286356287,5.7006205170975806,4.715385502165759,30.970425601753547,27.453141375162087,5.0915568141072205,18.896774993464014,7.052147756356342,10.02138418833314,3.1453126035074686,5.984220392299865,84.87817813792763,5.996737425320708,3.0825977349242186,5.940261218521258,37.46390425828279,3.7468857033640246
2019-07-12,9.852849676684992,5.12735573011295,5.262587518741585,4.0482536465009415,7.390267894309804,20.446960660444596,12.049476460645796,32.088854841661615,11.642351761729975,5.6571995712692384,21.13977231439527,26.108844022146144,45.74928989477752,39.16789131315837,22.130766131852123,955.3082056692048,35.53276544140705,16.042574321916604,10.732303137668294,12.735774184144923,31.43311868541255,18.90303573194216,14.754230529361699,9.109737076224757,11.707652217121293,15.866223507237095,8.698818699467154,16.08434351990724,7.576631473527751,2.993701591742434,80.04209876151086,8.48813862919773,4.748205239183187,48.29111714624817,5.709499988308013,4.7577139178045895,32.219164109860706,28.835200204665114,5.153219266873224,18.95152180657883,7.052147756356342,10.104587562590519,3.1703416162674745,5.984220392299865,86.44525086481227,6.107472633458733,3.0909066236975997,5.910310321621151,37.42265094228342,3.737178745583289
2019-07-15,9.835744034885192,5.110349575120867,5.196077723875972,4.063704996296747,7.4002010500817255,20.726936159432285,12.324788184803733,31.998208359058047,11.470508931298536,5.6761834624479945,21.39628001193396,26.426423031630414,46.389573410234895,38.656196771062476,22.101646702731266,945.4653603208094,35.74821999780656,16.163055815957577,10.451403506808745,12.900935520826916,31.33091226935002,19.27668925122536,14.653439674458019,9.109737076224757,11.698484126113366,15.962223759481104,8.788589790276927,16.226761614162093,7.559528467944167,2.9853857539875936,79.43783728353664,8.451433164855253,4.748205239183187,48.405760046704934,5.727258930728878,4.740782551549057,32.51851923166722,28.844601965410032,5.223690641462944,19.270878216415255,7.070046608529836,10.234015033657553,3.1703416162674745,5.957304858301515,86.5536647012634,6.115990726392427,3.0742888461508384,6.1199665999219,38.26539725484193,3.7468857033640246
2019-07-16,9.878508139384692,5.101846497624825,5.196077723875972,4.094607695888357,7.469733140485177,20.499456066504788,12.315611127331803,32.00727300731841,11.616575337165258,5.695167353626751,21.192842872506723,26.301316149106306,45.48078390442442,38.56316139977232,22.39284099393985,937.782903272308,35.2483654269597,15.93136063510956,10.393286341803321,12.836706112117252,30.373888555309968,19.219204094412557,14.785243100101294,9.109737076224757,11.606803216034109,15.85749621157855,8.815521117519861,16.14665143614374,7.568079970735959,2.977069916232754,78.41870971620699,8.442256798769632,4.748205239183187,47.80608949046957,5.762776815570608,4.749248234676823,32.4672012107861,28.32750512443951,5.250117406934089,19.097513308218335,7.061097182443088,10.252504672381415,3.1703416162674745,5.939361168969282,84.95702456443755,6.115990726392427,3.0659799573774573,6.080032070721757,38.2182506079855,3.7565926611447606
2019-07-17,9.818638393085392,5.06783418764066,5.196077723875972,4.079156346092552,7.469733140485177,20.20198209883037,12.577645437314995,31.916626524714843,11.650943903251546,5.685675408037373,21.307829081748203,25.86825386344594,45.60470974612585,38.88878519928788,22.159885560972985,933.4233753128809,35.144947239887934,15.699665454261543,10.461089700976316,12.772476703407586,30.178767215554227,19.200042375474958,14.715464815937207,9.099791948412285,11.744324581152997,15.761495959334539,8.860406662924747,16.048738996343527,7.542425462360584,2.9687540784779136,78.45478502832484,8.451433164855253,4.715458996154337,47.576803689556044,5.753897344360175,4.706919819037992,32.62970827690963,28.26169279922508,5.232499563286659,18.93327286887389,7.025299478096102,10.243259853019483,3.1536556077608036,5.921417479637047,83.48850987069031,6.073400261723956,3.049362179830696,6.099999335321829,38.294863909127194,3.737178745583289
2019-07-18,9.82719121398529,5.06783418764066,5.171136550801367,4.0482536465009415,7.340602115450194,19.878260428125856,12.830321350118199,32.016337655578766,11.642351761729975,5.619231788911727,20.92749008194946,25.44481518413358,45.45324482849077,37.96773502351528,21.832291983363326,917.9228314571403,34.61923812227313,15.48650588788137,10.025210963435637,12.616490996541259,29.834981997889358,18.89345487247336,14.699958530567411,8.861108880912946,11.331760485796332,15.787677846310178,8.85142955384377,15.84401298585218,7.610837484694921,2.952122402968233,78.22029549955873,8.38719860225592,4.707272435397125,46.47446810824103,5.718379459518446,4.715385502165759,33.18565350312172,28.280496320714917,5.223690641462944,18.686912209857216,6.953704069402129,10.141566840038243,3.1369695992541327,5.858614566974231,83.97144423306356,6.1585811910608985,3.0327444022839347,5.95,37.882330749133516,3.7177648300218173
2019-07-19,9.904166602084393,5.101846497624825,5.212705172592375,4.086882020990455,7.549198386660551,20.280725207920657,12.736737678709604,32.968125722916184,12.355499508020445,5.628723734501104,20.97171554704234,25.165730600041343,45.45324482849077,37.69793244677381,22.48019928130242,926.0315534616745,34.91225631897646,15.579183960220574,9.967093798430211,12.928462410273914,29.96506289105985,19.267108391756558,14.909293383059667,9.000340670287562,11.423441395875592,16.066951307383658,8.977109080977455,16.093244650798166,7.627940490278504,2.9687540784779136,79.68134564033222,8.368845870084678,4.740018678425974,47.797270805819046,5.753897344360175,4.740782551549057,33.16854749616135,28.32750512443951,5.285353094228948,19.316500560677603,6.9805523476623685,10.234015033657553,3.1536556077608036,5.876558256306464,84.64163885839787,6.175617376928287,3.049362179830696,5.95,38.277183916556034,3.7662996189254963
2019-07-22,9.818638393085392,5.076337265136701,5.146195377726763,4.063704996296747,7.509465763572864,19.948254302872776,12.830321350118199,32.968125722916184,12.458605206279309,5.533804278607326,20.688672570447924,25.483309609525616,45.81125281562824,37.474647555677414,22.327322278417917,927.1456550513059,34.938110865744406,15.33822097213864,9.676507973403092,12.744949813960588,29.97435438342917,18.768903699378964,14.816255670840887,8.990395542475088,11.230911484709148,16.032042124749474,8.896315099248657,15.852914116743106,7.568079970735959,2.9687540784779136,79.077084162358,8.14861308402982,4.723645556911549,47.44452341979824,5.709499988308013,4.774645284060122,32.75800332911242,28.440326253378533,5.232499563286659,19.015393088546112,6.90000751288165,10.169301298124036,3.1619986120141395,5.786839809645297,86.7507807675382,6.1500630981272035,3.049362179830696,5.72,38.02377068970277,3.6401091677759307
2019-07-23,9.82719121398529,5.084840342632743,5.2043914482341735,4.063704996296747,7.430000517397491,20.009498943276334,12.727379311568745,32.82309135075048,12.28676237584787,5.552788169786081,21.130927221376695,25.367826333349516,45.47389913544101,38.31196589728888,21.970609271687405,924.2005517187152,34.64509266904108,15.477238080647448,10.325482982630326,12.781652333223253,29.82569050552004,18.730580261503764,14.699958530567411,8.91083451997531,11.395937122851814,16.154224263969123,9.129719935354071,15.817309593179393,7.576631473527751,2.9853857539875936,78.91474525782762,8.15778945011544,4.723645556911549,47.515072897002405,5.763877343268924,4.791576650315655,32.6438303333782,28.0172470198572,5.329397703347523,19.152260121333153,6.917906365055143,10.363442504724587,3.1703416162674745,5.786839809645297,84.88803394124136,6.209689748663063,3.0659799573774573,5.79,38.26539725484193,3.669230041118138
2019-07-24,9.912719422984292,5.101846497624825,5.245960070025181,4.079156346092552,7.41,20.35071908266758,13.026847060076244,33.02251361247832,12.295354517369441,5.64770762567986,21.83853466286273,25.77201779996586,45.852561429528706,39.67028231812525,22.225404276494913,916.8184177074188,34.78298358513676,15.644058610858018,10.393286341803321,12.81835485248592,30.123018261338306,18.807227137254163,14.808502528155989,9.000340670287562,11.973526856351143,16.34622476845714,9.165628371677982,15.977529949216102,7.593734479111337,2.9853857539875936,80.13228704180551,8.322964039656584,4.740018678425974,48.546859001113255,5.818253544620518,4.816973699698953,33.76796546457874,28.675370272001498,5.320588781523808,19.48074100002205,6.971602921575623,10.391176962810379,3.1786846205208104,5.813755343643647,84.73034108822154,6.277834492132617,3.0659799573774573,5.82,38.695610407406754,3.630402209995195
2019-07-25,10.160751229081399,5.144361885105032,5.229332621308778,4.086882020990455,7.35,20.464459129131328,13.092355630062261,33.7748794180879,12.3383152249773,5.64770762567986,21.53780150023117,25.77201779996586,45.93517865732966,39.71680000377033,22.54571799682435,932.938983317389,35.10185632860803,15.746004490431144,11.042261351030556,12.882584261195582,30.104435276599663,18.740161120972562,14.878280812320074,8.9506150312252,12.294410041628547,16.861135212311368,9.156463983519501,16.128849174361882,7.756213032155385,2.9853857539875936,80.63734141145562,8.304611307485347,4.740018678425974,49.15534824199914,5.8091908443952525,4.816973699698953,33.94361157882882,28.844601965410032,5.320588781523808,19.61760803280909,6.971602921575623,10.363442504724587,3.212056637534152,5.80478349897753,86.82962719404811,6.311906863867393,3.0742888461508384,5.87,38.648463760550335,3.523625674407101
2019-07-26,10.152198408181498,5.135858807608991,5.229332621308778,4.079156346092552,7.34,20.464459129131328,13.71000786135898,33.738620825046475,12.441420923236164,5.6571995712692384,21.53780150023117,26.041478777710086,46.00402634716379,40.3866546770595,22.567557568664995,934.905614819086,35.55861998817499,15.597719574688414,11.11006471020355,12.808386731653936,30.04868632238374,18.615609947878166,14.831761956210682,9.000340670287562,12.147720585501732,16.773862255725906,9.183960872358899,16.08434351990724,7.884485574032266,2.9853857539875936,81.25964054548876,8.295434941399726,4.7318321176687625,48.970155864338224,5.83637894507105,4.816973699698953,33.934829273116314,28.487335057103127,5.311779859700093,19.535487813136864,7.204287999831036,10.363442504724587,3.228742646040823,5.867586411640348,88.3079976911091,6.269316399198923,3.0742888461508384,5.95,39.603183359392844,3.504211758845629
2019-07-29,10.143645587281597,5.135858807608991,5.2542737943833835,4.055979321398844,7.33,20.271975973577295,13.419898479992339,33.385099542892576,12.432828781714592,5.6761834624479945,21.82084447682558,25.72389976822582,45.88698527444578,41.289097778574074,22.276363277456415,945.9303766364816,35.32592906726352,15.458702466179606,11.420022923565812,12.622892354656774,29.955771398690533,18.682675964159763,14.7464773866768,8.930724775600254,12.202729131549289,16.747680368750267,9.211457761198298,15.924123163870533,7.875934071240474,2.993701591742434,80.67341672357348,8.277082209228487,4.7318321176687625,48.546859001113255,5.83637894507105,4.783110967187889,33.8997000502663,28.13946990954114,5.294162016052663,18.613916459037462,7.1058443128768225,10.280239130467207,3.287143675814171,5.867586411640348,89.19501998934568,6.277834492132617,3.0742888461508384,6.02,39.43817009539538,3.4362630543804786
2019-07-30,10.143645587281597,5.161368040097115,5.3041561405325925,4.063704996296747,7.35,20.481957597818056,13.391823378569761,33.33071165333044,12.56171090453817,5.6666915168586165,22.024281616252814,25.800888619009882,46.10041311293156,40.91695629341342,22.363721564818988,948.3717122937608,35.19665633342382,15.644058610858018,11.148809486873834,12.799112012804077,29.686318119980225,18.864712294066965,14.94805909648416,8.970505286850143,12.276073859612694,17.0182265341652,9.25728590926396,16.093244650798166,7.927243087991226,3.0020174294972737,81.15141460913519,8.378022236170299,4.7645783606976115,49.92257380659439,5.83637894507105,4.791576650315655,34.7340190929542,28.543745621572636,5.311779859700093,18.65041433444734,7.078996034616582,10.344952866000723,3.2954866800675067,5.867586411640348,88.64309500377625,6.303388770933699,3.0909066236975997,6.01,39.1493968833998,3.4362630543804786
2019-07-31,10.152198408181498,5.161368040097115,5.3041561405325925,4.071430671194649,7.28,20.324471379637483,13.214014402893431,33.140354039862956,12.209433102153723,5.628723734501104,21.97121105814136,25.31008469526147,46.08664357496474,40.91695629341342,21.25718325822638,942.2393096308334,34.06767445789039,15.597719574688414,11.090692321868408,12.854760325903225,28.989456192281157,18.567705650534165,14.893787097689872,8.900889392162835,12.532780407834618,16.69531659479899,8.899826354351788,16.119948043470952,7.961449099158394,2.993701591742434,79.4468561115661,8.341316771827822,4.756391799940399,48.98779323363926,5.763877343268924,4.774645284060122,33.8997000502663,27.913827651663098,5.188454954168084,18.54092070821771,7.052147756356342,10.132322020676312,3.2788006715608358,5.8406708776419975,89.19501998934568,6.277834492132617,3.0825977349242186,6.0,38.300757239984236,3.5139187166263652
